timestamp;temperature;rayonnement;pv;eolien;hydro
2021-12-31 16:30:00;11,8;76,0;998,0;3073,0;8119,0
2021-12-31 12:00:00;11,0;72,0;4784,0;3821,0;10438,0
2021-12-30 13:30:00;12,3;39,0;3950,0;6763,0;9169,0
2021-12-29 13:00:00;11,3;11,0;1955,0;10826,0;11306,0
2021-12-28 09:30:00;9,6;16,0;316,0;14569,0;8130,0
2021-12-27 12:00:00;8,7;19,0;1648,0;8622,0;8569,0
2021-12-26 10:00:00;7,4;23,0;910,0;3067,0;4123,0
2021-12-26 09:00:00;7,4;28,0;151,0;2855,0;3705,0
2021-12-25 14:30:00;8,0;20,0;2410,0;460,0;3124,0
2021-12-24 09:30:00;5,7;21,0;331,0;3355,0;5280,0
2021-12-23 16:30:00;6,8;41,0;368,0;5156,0;5073,0
2021-12-23 11:30:00;4,8;43,0;3297,0;7366,0;5741,0
2021-12-22 10:00:00;2,1;48,0;1556,0;2980,0;11580,0
2021-12-21 16:30:00;4,4;66,0;618,0;1172,0;10827,0
2021-12-21 09:00:00;2,8;72,0;249,0;2614,0;14788,0
2021-12-20 09:30:00;4,0;31,0;754,0;3310,0;9014,0
2021-12-19 15:30:00;5,8;48,0;2094,0;2222,0;3765,0
2021-12-16 13:00:00;7,2;44,0;3986,0;3150,0;10073,0
2021-12-14 16:30:00;7,1;60,0;687,0;672,0;11541,0
2021-12-12 16:00:00;7,8;38,0;970,0;2525,0;5114,0
2021-12-11 15:00:00;6,6;44,0;2241,0;2162,0;5840,0
2021-12-09 16:00:00;6,3;37,0;753,0;4811,0;10962,0
2021-12-07 16:00:00;6,9;10,0;323,0;12112,0;8008,0
2021-12-07 14:00:00;6,7;8,0;1154,0;11592,0;7419,0
2021-12-06 16:30:00;6,5;44,0;284,0;8992,0;8727,0
2021-12-05 14:00:00;6,1;33,0;2802,0;7092,0;5191,0
2021-12-05 13:00:00;6,1;30,0;3621,0;6839,0;5875,0
2021-12-03 10:30:00;4,6;39,0;2246,0;9208,0;8846,0
2021-12-02 09:30:00;5,3;52,0;1054,0;7501,0;8641,0
2021-12-01 15:00:00;7,4;30,0;1419,0;10437,0;4399,0
2021-12-01 12:00:00;7,1;27,0;2168,0;11370,0;6059,0
2021-12-01 10:30:00;6,4;33,0;1565,0;12234,0;5792,0
2021-11-30 15:00:00;6,3;41,0;2869,0;11375,0;5066,0
2021-11-29 14:30:00;5,3;46,0;2880,0;2703,0;8496,0
2021-11-27 15:30:00;5,7;28,0;1253,0;6848,0;3447,0
2021-11-27 11:00:00;5,2;28,0;2482,0;7863,0;3723,0
2021-11-26 11:30:00;5,8;18,0;2318,0;7351,0;8511,0
2021-11-25 11:30:00;5,9;13,0;1763,0;2009,0;9139,0
2021-11-22 17:00:00;7,7;51,0;163,0;10203,0;6432,0
2021-11-21 15:30:00;8,0;12,0;915,0;3154,0;2682,0
2021-11-20 15:00:00;8,6;35,0;2668,0;130,0;3821,0
2021-11-19 10:30:00;7,9;52,0;3583,0;761,0;8196,0
2021-11-18 09:30:00;8,1;47,0;1609,0;1486,0;7633,0
2021-11-17 12:30:00;9,4;23,0;2593,0;1400,0;8329,0
2021-11-16 12:30:00;8,9;19,0;2328,0;669,0;9667,0
2021-11-15 09:00:00;9,0;14,0;383,0;3552,0;8148,0
2021-11-13 13:30:00;10,3;15,0;2509,0;3174,0;5194,0
2021-11-12 08:30:00;6,9;47,0;295,0;2712,0;6312,0
2021-11-11 15:30:00;10,1;53,0;2833,0;267,0;4341,0
2021-11-11 12:30:00;9,2;55,0;5052,0;439,0;4150,0
2021-11-10 13:30:00;9,3;46,0;3963,0;489,0;6548,0
2021-11-09 11:00:00;8,3;66,0;4953,0;1158,0;4943,0
2021-11-09 10:00:00;7,6;62,0;3431,0;1533,0;6274,0
2021-11-08 12:00:00;9,7;55,0;5717,0;1504,0;5932,0
2021-11-07 16:30:00;10,4;41,0;776,0;3815,0;2994,0
2021-11-06 13:30:00;9,8;49,0;6110,0;2491,0;3510,0
2021-11-06 12:30:00;9,4;49,0;6254,0;2131,0;3679,0
2021-11-06 08:00:00;7,0;64,0;152,0;2746,0;3571,0
2021-11-05 12:00:00;9,8;45,0;5142,0;1543,0;6873,0
2021-11-05 10:30:00;9,1;52,0;3805,0;1683,0;7885,0
2021-11-04 10:00:00;9,3;48,0;2985,0;2687,0;7408,0
2021-11-03 14:00:00;11,2;36,0;3615,0;2735,0;5687,0
2021-11-03 09:30:00;10,2;32,0;1439,0;3079,0;8248,0
2021-11-02 09:30:00;11,2;40,0;2098,0;3754,0;6314,0
2021-11-01 17:00:00;12,3;45,0;557,0;5613,0;5225,0
2021-10-31 13:30:00;14,8;31,0;3411,0;12640,0;2447,0
2021-10-30 18:00:00;13,4;24,0;353,0;4399,0;4032,0
2021-10-30 16:00:00;13,7;16,0;1773,0;5706,0;2824,0
2021-10-30 10:30:00;12,9;8,0;883,0;8650,0;4057,0
2021-10-29 14:30:00;14,0;25,0;3186,0;10295,0;2467,0
2021-10-29 13:00:00;13,6;24,0;3472,0;10842,0;2502,0
2021-10-28 15:30:00;14,5;85,0;5501,0;5803,0;2196,0
2021-10-27 11:30:00;11,5;62,0;5015,0;1509,0;4526,0
2021-10-26 16:30:00;14,0;47,0;3730,0;2847,0;2328,0
2021-10-26 12:30:00;12,7;41,0;4493,0;2815,0;3530,0
2021-10-25 14:00:00;13,4;47,0;5066,0;1621,0;2854,0
2021-10-25 10:30:00;11,0;56,0;2846,0;1911,0;5566,0
2021-10-23 16:30:00;13,6;84,0;4734,0;1017,0;2507,0
2021-10-22 13:00:00;13,2;68,0;5833,0;3764,0;4672,0
2021-10-21 09:30:00;14,6;43,0;880,0;11279,0;4680,0
2021-10-20 10:30:00;15,0;20,0;1889,0;12048,0;4715,0
2021-10-19 14:30:00;16,6;77,0;6350,0;5330,0;3174,0
2021-10-19 12:30:00;15,2;69,0;5953,0;5351,0;3934,0
2021-10-19 11:30:00;14,3;64,0;4928,0;5591,0;4168,0
2021-10-19 10:00:00;13,3;58,0;2196,0;6581,0;5505,0
2021-10-18 18:30:00;14,6;34,0;348,0;3399,0;8090,0
2021-10-18 13:00:00;13,7;41,0;5863,0;1965,0;4612,0
2021-10-18 11:30:00;12,3;39,0;4758,0;1950,0;5224,0
2021-10-17 17:30:00;14,5;62,0;2486,0;782,0;2259,0
2021-10-17 11:00:00;11,2;59,0;4737,0;1142,0;2619,0
2021-10-16 16:00:00;14,3;86,0;5770,0;307,0;1921,0
2021-10-16 10:00:00;10,8;76,0;2864,0;1046,0;4641,0
2021-10-15 12:30:00;12,6;56,0;6494,0;208,0;2752,0
2021-10-14 11:30:00;11,6;91,0;6481,0;932,0;3387,0
2021-10-13 15:00:00;13,9;64,0;6403,0;1621,0;2350,0
2021-10-13 11:30:00;12,5;71,0;5698,0;1204,0;3160,0
2021-10-13 09:00:00;11,4;69,0;853,0;2010,0;6247,0
2021-10-12 14:30:00;14,2;69,0;6819,0;2972,0;2544,0
2021-10-10 18:30:00;14,5;87,0;910,0;2055,0;3797,0
2021-10-10 11:30:00;13,0;51,0;5553,0;673,0;2351,0
2021-10-09 09:30:00;12,5;71,0;1818,0;2132,0;4554,0
2021-10-08 19:00:00;15,0;83,0;276,0;3871,0;7966,0
2021-10-08 10:30:00;13,0;84,0;4619,0;2170,0;6901,0
2021-10-07 15:30:00;15,7;59,0;6158,0;1621,0;5577,0
2021-10-06 13:00:00;14,8;48,0;6337,0;8805,0;6210,0
2021-10-05 13:00:00;15,0;22,0;3996,0;9854,0;6090,0
2021-10-05 10:30:00;14,1;35,0;2144,0;9189,0;7896,0
2021-10-04 14:00:00;15,8;21,0;4473,0;6042,0;5036,0
2021-10-03 18:00:00;15,8;25,0;895,0;5006,0;3755,0
2021-10-03 16:00:00;16,2;18,0;2042,0;6710,0;2769,0
2021-10-02 16:00:00;17,4;22,0;3664,0;12530,0;2358,0
2021-10-01 19:00:00;16,1;31,0;268,0;4875,0;7705,0
2021-10-01 15:00:00;16,9;27,0;4833,0;6159,0;2547,0
2021-09-30 08:30:00;13,7;76,0;509,0;2052,0;7132,0
2021-09-28 13:00:00;17,1;40,0;6301,0;1559,0;3993,0
2021-09-27 12:30:00;17,8;30,0;4799,0;8106,0;3185,0
2021-09-25 11:30:00;17,5;38,0;4311,0;1063,0;3698,0
2021-09-25 10:00:00;16,4;43,0;2460,0;1427,0;4036,0
2021-09-24 10:30:00;16,3;80,0;4868,0;633,0;5049,0
2021-09-23 13:30:00;18,4;92,0;8061,0;1166,0;4251,0
2021-09-22 15:30:00;18,8;90,0;7391,0;710,0;5726,0
2021-09-22 09:00:00;15,0;81,0;1532,0;1588,0;7718,0
2021-09-21 18:00:00;18,2;56,0;2414,0;1833,0;5025,0
2021-09-21 08:30:00;15,7;60,0;435,0;3025,0;7098,0
2021-09-20 11:30:00;17,2;25,0;3988,0;1402,0;6141,0
2021-09-19 19:00:00;18,3;35,0;664,0;2633,0;6407,0
2021-09-19 13:00:00;18,4;31,0;5187,0;2376,0;3608,0
2021-09-19 11:30:00;17,8;34,0;4305,0;2526,0;4338,0
2021-09-18 17:30:00;20,1;36,0;2329,0;1295,0;4529,0
2021-09-18 13:00:00;19,8;40,0;5238,0;1069,0;5741,0
2021-09-18 09:00:00;17,7;51,0;1274,0;1498,0;5835,0
2021-09-17 16:30:00;20,9;49,0;5279,0;621,0;4930,0
2021-09-17 13:30:00;20,3;57,0;7139,0;543,0;5165,0
2021-09-17 10:00:00;18,2;61,0;3249,0;479,0;7008,0
2021-09-16 16:00:00;20,6;22,0;4162,0;482,0;4717,0
2021-09-15 18:00:00;20,8;28,0;1874,0;1709,0;5528,0
2021-09-15 10:00:00;20,0;17,0;1676,0;1887,0;6044,0
2021-09-12 13:30:00;21,2;72,0;7996,0;131,0;2588,0
2021-09-11 10:00:00;19,5;61,0;3671,0;890,0;5154,0
2021-09-09 15:00:00;22,5;18,0;3896,0;3160,0;3921,0
2021-09-09 10:30:00;21,5;20,0;2602,0;1587,0;5122,0
2021-09-08 12:30:00;23,0;61,0;5941,0;3045,0;3767,0
2021-09-07 17:00:00;25,1;63,0;4941,0;3618,0;4001,0
2021-09-07 08:00:00;20,8;72,0;296,0;3440,0;5366,0
2021-09-06 15:30:00;24,3;91,0;7606,0;897,0;3649,0
2021-09-06 09:30:00;20,4;89,0;3215,0;667,0;5268,0
2021-09-05 18:00:00;23,3;76,0;3735,0;284,0;4775,0
2021-09-05 09:30:00;19,5;86,0;3264,0;279,0;3223,0
2021-09-04 17:30:00;22,3;60,0;4133,0;667,0;3978,0
2021-09-04 15:00:00;22,1;55,0;6508,0;325,0;2992,0
2021-09-03 09:30:00;18,6;36,0;1796,0;1089,0;6172,0
2021-09-01 12:30:00;19,2;73,0;7688,0;5216,0;4843,0
2021-09-01 08:00:00;17,3;81,0;419,0;4840,0;6405,0
2021-08-31 10:30:00;17,9;55,0;4596,0;3378,0;5936,0
2021-08-29 15:00:00;19,5;45,0;6722,0;3167,0;3192,0
2021-08-29 13:00:00;18,9;50,0;7031,0;2900,0;4843,0
2021-08-28 10:00:00;17,7;81,0;4521,0;2338,0;5048,0
2021-08-27 13:00:00;19,7;56,0;7225,0;2825,0;5158,0
2021-08-26 15:00:00;21,0;74,0;7515,0;3827,0;4659,0
2021-08-25 11:00:00;19,4;87,0;6304,0;2826,0;4793,0
2021-08-24 16:30:00;21,4;50,0;5323,0;8274,0;4305,0
2021-08-24 15:00:00;21,2;47,0;6312,0;7707,0;4555,0
2021-08-24 11:30:00;19,7;50,0;5712,0;5168,0;4786,0
2021-08-24 08:30:00;18,7;64,0;1083,0;4148,0;6465,0
2021-08-23 16:00:00;21,1;50,0;6096,0;4089,0;5892,0
2021-08-22 18:00:00;21,5;53,0;3389,0;4987,0;3940,0
2021-08-22 08:00:00;19,5;48,0;387,0;3527,0;3771,0
2021-08-21 18:00:00;22,3;51,0;3399,0;2738,0;5139,0
2021-08-20 12:00:00;20,2;66,0;6994,0;672,0;5673,0
2021-08-20 10:30:00;19,2;66,0;5212,0;554,0;6612,0
2021-08-19 19:00:00;20,3;43,0;1614,0;1953,0;7149,0
2021-08-19 15:00:00;20,3;32,0;5518,0;2047,0;4957,0
2021-08-18 19:30:00;20,0;32,0;832,0;2656,0;6349,0
2021-08-18 17:30:00;20,5;29,0;3268,0;2865,0;5136,0
2021-08-18 11:30:00;19,4;22,0;4343,0;1997,0;5963,0
2021-08-17 18:00:00;20,4;29,0;3016,0;5367,0;5997,0
2021-08-17 15:30:00;20,6;25,0;5618,0;4541,0;5308,0
2021-08-17 10:00:00;19,7;39,0;3719,0;1635,0;5603,0
2021-08-16 14:00:00;21,7;28,0;6050,0;6619,0;5127,0
2021-08-16 11:30:00;21,3;32,0;4836,0;6096,0;5969,0
2021-08-15 13:30:00;24,3;47,0;6572,0;1857,0;4641,0
2021-08-15 10:00:00;22,5;67,0;3589,0;958,0;5013,0
2021-08-14 17:30:00;25,7;97,0;5349,0;477,0;5640,0
2021-08-14 13:30:00;24,5;97,0;8066,0;483,0;5606,0
2021-08-14 10:30:00;22,3;97,0;5420,0;676,0;5647,0
2021-08-12 11:30:00;21,8;69,0;6025,0;353,0;5734,0
2021-08-12 08:30:00;20,2;69,0;1380,0;726,0;7794,0
2021-08-10 20:00:00;21,4;69,0;804,0;917,0;9918,0
2021-08-09 18:30:00;20,7;67,0;3525,0;3478,0;8610,0
2021-08-09 13:00:00;19,5;43,0;6738,0;4446,0;6501,0
2021-08-08 19:00:00;19,8;45,0;2123,0;4359,0;5967,0
2021-08-08 13:30:00;19,3;39,0;6142,0;5949,0;5194,0
2021-08-08 12:00:00;18,6;43,0;5711,0;5894,0;5353,0
2021-08-08 10:30:00;17,8;49,0;4354,0;5607,0;5208,0
2021-08-07 20:30:00;18,5;45,0;335,0;9419,0;6416,0
2021-08-07 12:00:00;18,6;18,0;3975,0;6773,0;6205,0
2021-08-07 09:30:00;18,1;23,0;1833,0;3554,0;6721,0
2021-08-06 19:30:00;20,0;36,0;1334,0;4562,0;8906,0
2021-08-06 13:30:00;19,8;31,0;5905,0;8169,0;5711,0
2021-08-06 08:00:00;18,1;29,0;608,0;7223,0;5351,0
2021-08-04 10:00:00;17,6;13,0;1761,0;907,0;8274,0
2021-08-03 18:30:00;19,1;13,0;1794,0;1820,0;7593,0
2021-08-03 07:30:00;17,7;24,0;299,0;1231,0;6093,0
2021-08-02 08:00:00;17,7;50,0;818,0;1163,0;6897,0
2021-08-01 09:30:00;18,2;43,0;3138,0;1800,0;6129,0
2021-07-31 21:00:00;19,3;29,0;101,0;2484,0;7841,0
2021-07-30 12:00:00;20,6;36,0;4770,0;6880,0;5724,0
2021-07-30 10:00:00;19,6;36,0;3047,0;4385,0;6940,0
2021-07-30 08:00:00;19,2;33,0;616,0;4239,0;6900,0
2021-07-29 17:30:00;22,5;60,0;4797,0;2515,0;6185,0
2021-07-28 19:30:00;21,6;54,0;1660,0;5782,0;7511,0
2021-07-28 08:30:00;19,4;28,0;961,0;3179,0;8029,0
2021-07-27 09:30:00;20,3;33,0;2727,0;791,0;8138,0
2021-07-26 20:00:00;22,2;44,0;1020,0;2376,0;9752,0
2021-07-26 13:30:00;22,1;33,0;6327,0;2464,0;6763,0
2021-07-25 18:00:00;22,7;37,0;3400,0;3876,0;6302,0
2021-07-25 12:30:00;22,0;36,0;5723,0;3416,0;5917,0
2021-07-25 10:00:00;21,4;38,0;3376,0;2852,0;5781,0
2021-07-24 20:30:00;22,2;29,0;472,0;2759,0;7577,0
2021-07-24 18:00:00;22,5;25,0;3533,0;3193,0;6874,0
2021-07-24 11:00:00;22,6;26,0;4145,0;2883,0;6386,0
2021-07-23 19:30:00;24,6;27,0;1441,0;4831,0;8738,0
2021-07-23 12:30:00;24,3;50,0;6323,0;3108,0;7646,0
2021-07-23 07:00:00;23,0;59,0;153,0;3304,0;7815,0
2021-07-22 20:30:00;24,7;94,0;538,0;2154,0;10663,0
2021-07-22 12:30:00;24,4;95,0;7777,0;1631,0;6881,0
2021-07-22 08:30:00;22,7;94,0;1825,0;1395,0;9588,0
2021-07-21 11:30:00;23,4;84,0;6169,0;1249,0;6547,0
2021-07-21 08:30:00;22,4;73,0;1601,0;1035,0;8425,0
2021-07-20 19:00:00;24,6;84,0;2816,0;1956,0;8672,0
2021-07-19 21:00:00;23,6;93,0;220,0;3144,0;9314,0
2021-07-19 12:00:00;22,9;94,0;7667,0;2545,0;7165,0
2021-07-18 17:00:00;24,1;96,0;6586,0;6396,0;6351,0
2021-07-18 15:30:00;23,5;96,0;6869,0;4605,0;6435,0
2021-07-18 11:30:00;21,3;95,0;7119,0;3354,0;6410,0
2021-07-18 09:30:00;19,7;91,0;3941,0;2637,0;6981,0
2021-07-17 15:30:00;21,1;75,0;7324,0;3491,0;6826,0
2021-07-17 11:00:00;19,0;62,0;5507,0;2307,0;7143,0
2021-07-17 09:00:00;18,1;66,0;2558,0;2040,0;7468,0
2021-07-15 19:30:00;19,9;41,0;1602,0;6354,0;9091,0
2021-07-15 16:30:00;20,3;30,0;4880,0;6450,0;7881,0
2021-07-15 10:00:00;18,0;40,0;2972,0;5643,0;8785,0
2021-07-14 11:00:00;17,8;13,0;3056,0;5699,0;7682,0
2021-07-13 18:30:00;18,6;24,0;2206,0;6298,0;7766,0
2021-07-13 07:30:00;18,0;23,0;359,0;2847,0;7974,0
2021-07-12 15:00:00;19,9;13,0;4002,0;2069,0;7629,0
2021-07-11 20:00:00;21,0;48,0;1158,0;477,0;7601,0
2021-07-11 12:00:00;19,3;47,0;6700,0;230,0;6482,0
2021-07-11 07:30:00;17,9;59,0;548,0;375,0;5747,0
2021-07-10 17:00:00;20,2;32,0;4641,0;2242,0;6207,0
2021-07-09 07:30:00;17,9;53,0;590,0;762,0;8005,0
2021-07-08 20:30:00;19,4;55,0;612,0;1968,0;8866,0
2021-07-08 16:00:00;20,1;31,0;5600,0;2099,0;6806,0
2021-07-08 11:30:00;18,9;27,0;4771,0;1313,0;8062,0
2021-07-08 09:00:00;18,2;30,0;2213,0;1010,0;8468,0
2021-07-07 20:00:00;20,1;41,0;995,0;1885,0;9799,0
2021-07-07 14:30:00;20,1;33,0;5837,0;1701,0;6945,0
2021-07-07 07:30:00;18,3;39,0;534,0;2224,0;7398,0
2021-07-06 18:00:00;19,9;13,0;2701,0;5937,0;7391,0
2021-07-06 09:00:00;19,1;21,0;1564,0;9788,0;7063,0
2021-07-05 11:30:00;19,5;38,0;5640,0;3290,0;7244,0
2021-07-04 12:30:00;19,3;15,0;3963,0;3712,0;7160,0
2021-07-03 16:00:00;20,8;17,0;4449,0;1605,0;7227,0
2021-07-03 14:00:00;20,7;14,0;4630,0;1529,0;7224,0
2021-07-03 08:30:00;19,4;13,0;1194,0;1304,0;7835,0
2021-07-02 20:30:00;21,0;26,0;568,0;681,0;9204,0
2021-07-01 12:00:00;19,0;51,0;6613,0;776,0;9268,0
2021-07-01 09:00:00;17,3;58,0;2967,0;331,0;9574,0
2021-06-30 14:30:00;18,8;29,0;5682,0;2211,0;8525,0
2021-06-30 10:30:00;17,6;30,0;3997,0;2228,0;9247,0
2021-06-29 18:30:00;19,1;33,0;2777,0;2536,0;8863,0
2021-06-29 08:00:00;17,8;32,0;933,0;1106,0;9756,0
2021-06-28 21:00:00;18,8;38,0;188,0;1948,0;9063,0
2021-06-28 12:30:00;19,5;26,0;5058,0;1079,0;8334,0
2021-06-27 15:30:00;20,2;20,0;4200,0;1465,0;5985,0
2021-06-24 18:00:00;19,7;39,0;3441,0;1830,0;9261,0
2021-06-24 14:00:00;19,2;33,0;5105,0;1520,0;8553,0
2021-06-23 18:30:00;19,3;19,0;2177,0;2752,0;9905,0
2021-06-23 11:00:00;18,4;20,0;3798,0;1432,0;10164,0
2021-06-22 12:00:00;19,6;26,0;4716,0;4133,0;8444,0
2021-06-21 20:00:00;21,0;30,0;807,0;3020,0;10826,0
2021-06-21 12:30:00;21,5;43,0;5911,0;623,0;9007,0
2021-06-21 09:30:00;20,2;41,0;3341,0;913,0;9549,0
2021-06-20 12:00:00;21,5;18,0;3692,0;1370,0;6800,0
2021-06-19 20:00:00;22,2;17,0;818,0;3558,0;8918,0
2021-06-19 15:00:00;23,3;23,0;4979,0;1354,0;6993,0
2021-06-18 14:30:00;23,6;41,0;6421,0;5464,0;8118,0
2021-06-17 21:00:00;22,8;14,0;106,0;1914,0;10237,0
2021-06-17 15:00:00;23,8;14,0;4210,0;2160,0;8406,0
2021-06-16 20:00:00;25,0;34,0;885,0;1082,0;10978,0
2021-06-16 16:30:00;25,7;53,0;5479,0;1057,0;8295,0
2021-06-16 15:00:00;25,5;60,0;6857,0;936,0;7709,0
2021-06-16 12:00:00;24,4;74,0;6451,0;606,0;7837,0
2021-06-14 20:30:00;23,8;88,0;565,0;1360,0;11210,0
2021-06-14 15:00:00;24,5;96,0;7916,0;617,0;8081,0
2021-06-14 10:30:00;22,1;98,0;5937,0;347,0;7930,0
2021-06-14 07:00:00;21,1;96,0;287,0;1865,0;8924,0
2021-06-13 11:00:00;21,5;99,0;6757,0;1002,0;6582,0
2021-06-12 17:30:00;22,7;77,0;5276,0;1734,0;7624,0
2021-06-12 11:30:00;20,9;62,0;5883,0;796,0;7537,0
2021-06-10 20:00:00;22,0;65,0;1128,0;1062,0;10675,0
2021-06-10 10:30:00;19,8;75,0;5733,0;510,0;9338,0
2021-06-09 16:00:00;21,7;72,0;6500,0;967,0;8671,0
2021-06-08 11:30:00;19,3;76,0;6739,0;631,0;8891,0
2021-06-07 17:30:00;20,0;43,0;4240,0;1269,0;8437,0
2021-06-06 19:30:00;19,1;45,0;1665,0;1943,0;9238,0
2021-06-06 09:30:00;17,2;57,0;3702,0;1045,0;8139,0
2021-06-05 19:30:00;18,7;58,0;1770,0;1575,0;10063,0
2021-06-05 17:30:00;18,9;53,0;4651,0;1670,0;8391,0
2021-06-04 17:00:00;19,1;18,0;2492,0;2163,0;8704,0
2021-06-03 15:00:00;20,6;35,0;5285,0;801,0;7902,0
2021-06-02 14:30:00;19,9;18,0;5098,0;2651,0;7313,0
2021-06-01 19:00:00;20,6;46,0;1678,0;2809,0;10537,0
2021-06-01 16:00:00;21,0;54,0;5164,0;3045,0;7455,0
2021-06-01 07:00:00;17,7;66,0;275,0;4948,0;8948,0
2021-05-31 11:30:00;18,2;94,0;6957,0;3018,0;6869,0
2021-05-30 15:00:00;18,7;71,0;6348,0;2831,0;5291,0
2021-05-29 21:00:00;17,5;52,0;175,0;3727,0;9410,0
2021-05-29 15:30:00;18,3;54,0;6013,0;2946,0;6886,0
2021-05-29 12:30:00;17,3;51,0;6288,0;2274,0;7859,0
2021-05-28 20:00:00;17,2;49,0;910,0;1493,0;11653,0
2021-05-28 10:30:00;14,9;67,0;5642,0;1185,0;9214,0
2021-05-27 14:30:00;15,7;59,0;7274,0;522,0;8869,0
2021-05-27 11:30:00;14,2;63,0;6519,0;430,0;9495,0
2021-05-26 17:00:00;14,6;32,0;4691,0;6115,0;8407,0
2021-05-26 11:00:00;12,9;44,0;4844,0;6603,0;9909,0
2021-05-25 20:00:00;13,7;39,0;850,0;7708,0;11468,0
2021-05-25 10:30:00;12,5;41,0;4810,0;8801,0;9431,0
2021-05-24 17:30:00;13,1;28,0;3741,0;10501,0;8769,0
2021-05-23 14:00:00;14,3;34,0;5821,0;6289,0;7112,0
2021-05-22 15:00:00;14,0;28,0;5093,0;9069,0;7652,0
2021-05-21 09:30:00;13,1;30,0;2515,0;10287,0;11002,0
2021-05-20 14:00:00;14,5;48,0;7536,0;6076,0;7870,0
2021-05-20 10:30:00;12,5;46,0;5390,0;2297,0;10027,0
2021-05-20 08:00:00;11,7;55,0;1263,0;1197,0;11541,0
2021-05-19 14:00:00;13,6;42,0;6341,0;6693,0;8668,0
2021-05-18 18:30:00;13,6;30,0;1867,0;3359,0;10076,0
2021-05-18 15:30:00;13,9;24,0;4136,0;3312,0;8364,0
2021-05-17 21:00:00;13,2;58,0;113,0;8086,0;11095,0
2021-05-17 14:30:00;13,9;32,0;6214,0;11502,0;8672,0
2021-05-16 21:00:00;12,9;35,0;106,0;8737,0;9431,0
2021-05-15 17:30:00;13,7;15,0;2351,0;9513,0;7904,0
2021-05-14 19:30:00;13,4;27,0;1197,0;5059,0;10518,0
2021-05-14 13:00:00;13,2;28,0;5861,0;4201,0;9504,0
2021-05-13 19:00:00;13,7;36,0;1659,0;2237,0;9033,0
2021-05-13 12:00:00;13,2;35,0;5332,0;3653,0;7587,0
2021-05-12 17:00:00;14,3;17,0;3487,0;2604,0;9008,0
2021-05-12 08:30:00;12,6;44,0;1611,0;1230,0;9391,0
2021-05-11 14:30:00;14,0;23,0;5217,0;4903,0;7936,0
2021-05-10 10:00:00;14,9;27,0;2613,0;7442,0;8558,0
2021-05-08 16:00:00;16,4;63,0;6663,0;8627,0;6405,0
2021-05-08 09:30:00;11,9;54,0;3549,0;5015,0;8199,0
2021-05-06 19:30:00;11,8;17,0;716,0;5654,0;8902,0
2021-05-06 17:00:00;12,2;14,0;2774,0;7039,0;6189,0
2021-05-06 12:00:00;11,4;20,0;3572,0;4967,0;7298,0
2021-05-05 19:30:00;11,9;36,0;1193,0;6498,0;8612,0
2021-05-04 19:00:00;12,6;31,0;1589,0;10211,0;5837,0
2021-05-04 16:30:00;12,9;24,0;4232,0;10786,0;4814,0
2021-05-03 18:00:00;13,6;74,0;4464,0;7980,0;6199,0
2021-05-02 15:00:00;11,8;33,0;5724,0;1726,0;5377,0
2021-05-02 10:00:00;9,8;67,0;4634,0;838,0;6245,0
2021-05-01 18:30:00;11,2;30,0;1956,0;3178,0;5986,0
2021-05-01 10:00:00;10,5;30,0;2083,0;1176,0;5652,0
2021-05-01 07:30:00;10,2;25,0;161,0;1459,0;5188,0
2021-04-30 20:00:00;11,7;33,0;377,0;1003,0;7241,0
2021-04-29 17:00:00;12,8;21,0;2922,0;1594,0;5239,0
2021-04-29 14:00:00;12,6;16,0;4134,0;2148,0;6632,0
2021-04-28 12:00:00;13,5;28,0;3622,0;964,0;5901,0
2021-04-28 10:00:00;12,6;33,0;1941,0;729,0;7185,0
2021-04-27 11:00:00;13,0;67,0;4270,0;568,0;4581,0
2021-04-26 19:00:00;14,0;33,0;1077,0;6249,0;6281,0
2021-04-26 09:00:00;12,6;19,0;1322,0;6387,0;6795,0
2021-04-25 16:30:00;15,1;26,0;3892,0;8550,0;2701,0
2021-04-25 14:30:00;14,9;35,0;4876,0;6222,0;3520,0
2021-04-25 10:30:00;13,2;61,0;4368,0;6845,0;2759,0
2021-04-24 14:30:00;15,8;89,0;7957,0;4034,0;2421,0
2021-04-24 10:00:00;12,7;90,0;4825,0;3639,0;3480,0
2021-04-23 12:30:00;13,5;99,0;7967,0;3098,0;3313,0
2021-04-22 17:30:00;14,0;72,0;4877,0;4627,0;2879,0
2021-04-21 20:30:00;12,0;68,0;123,0;4771,0;6186,0
2021-04-21 19:30:00;12,3;60,0;1015,0;4442,0;5716,0
2021-04-21 14:00:00;13,0;30,0;5431,0;2341,0;4363,0
2021-04-20 19:00:00;12,4;43,0;1342,0;792,0;6859,0
2021-04-20 09:30:00;9,2;56,0;2913,0;440,0;7847,0
2021-04-19 18:30:00;11,8;66,0;2730,0;724,0;4152,0
2021-04-19 14:30:00;11,4;70,0;7247,0;647,0;4230,0
2021-04-18 09:00:00;7,1;77,0;2186,0;1878,0;4326,0
2021-04-17 19:00:00;9,6;46,0;1429,0;5798,0;4135,0
2021-04-17 15:00:00;9,7;44,0;5497,0;5315,0;2755,0
2021-04-17 07:30:00;6,5;68,0;101,0;4768,0;4064,0
2021-04-16 10:30:00;7,1;90,0;5314,0;2364,0;7956,0
2021-04-15 08:00:00;6,3;97,0;560,0;4553,0;8727,0
2021-04-14 15:30:00;9,7;78,0;7042,0;4995,0;4633,0
2021-04-14 10:00:00;7,1;93,0;4614,0;1748,0;8193,0
2021-04-13 17:30:00;9,9;68,0;4806,0;2719,0;4643,0
2021-04-13 08:30:00;6,5;91,0;1278,0;2848,0;11030,0
2021-04-12 10:00:00;7,4;74,0;3946,0;1545,0;9620,0
2021-04-11 15:30:00;9,3;10,0;2791,0;6069,0;4169,0
2021-04-11 08:00:00;9,1;31,0;204,0;5501,0;3982,0
2021-04-10 15:30:00;10,9;8,0;2901,0;4883,0;4088,0
2021-04-09 19:00:00;11,2;21,0;806,0;4346,0;7961,0
2021-04-09 10:00:00;7,6;43,0;2742,0;3099,0;9763,0
2021-04-08 20:00:00;9,8;65,0;331,0;998,0;8697,0
2021-04-08 15:30:00;10,4;88,0;7424,0;712,0;3896,0
2021-04-08 13:00:00;9,1;88,0;7690,0;630,0;6443,0
2021-04-08 08:30:00;5,2;83,0;1028,0;830,0;11342,0
2021-04-07 18:00:00;8,9;80,0;4062,0;5725,0;5320,0
2021-04-07 16:00:00;8,8;81,0;7038,0;6405,0;4897,0
2021-04-07 13:00:00;7,8;81,0;7582,0;5914,0;6091,0
2021-04-04 18:00:00;12,5;96,0;3917,0;1677,0;5056,0
2021-04-04 13:00:00;11,5;87,0;7354,0;2006,0;4345,0
2021-04-02 10:00:00;13,4;84,0;3502,0;6250,0;6076,0
2021-03-31 18:30:00;16,7;70,0;1933,0;893,0;8181,0
2021-03-31 11:00:00;13,9;77,0;4653,0;1023,0;6194,0
2021-03-30 17:30:00;16,6;98,0;4017,0;1149,0;5201,0
2021-03-30 08:00:00;11,0;97,0;123,0;2984,0;10247,0
2021-03-29 19:30:00;14,2;98,0;481,0;1054,0;7655,0
2021-03-29 09:00:00;9,1;98,0;1254,0;3126,0;8751,0
2021-03-28 14:30:00;11,8;87,0;6518,0;3338,0;3804,0
2021-03-28 11:30:00;9,8;88,0;5620,0;4218,0;4503,0
2021-03-27 16:00:00;10,7;55,0;4572,0;6784,0;3726,0
2021-03-27 10:00:00;9,0;80,0;4609,0;7695,0;4648,0
2021-03-26 15:30:00;11,2;18,0;3659,0;9073,0;4332,0
2021-03-25 09:00:00;8,0;48,0;2130,0;1442,0;9279,0
2021-03-24 16:30:00;11,7;78,0;4108,0;1935,0;4766,0
2021-03-24 12:30:00;10,4;89,0;6946,0;1017,0;5057,0
2021-03-22 17:00:00;8,3;66,0;2888,0;2856,0;8403,0
2021-03-22 10:30:00;6,6;56,0;4753,0;2831,0;9524,0
2021-03-22 09:00:00;5,8;59,0;2432,0;2760,0;9522,0
2021-03-21 09:00:00;5,5;51,0;2384,0;3137,0;4345,0
2021-03-20 13:00:00;7,4;69,0;6749,0;4438,0;5217,0
2021-03-19 16:30:00;7,6;50,0;2330,0;11069,0;6681,0
2021-03-19 13:30:00;7,5;42,0;4402,0;11099,0;6938,0
2021-03-18 17:30:00;7,5;24,0;970,0;4292,0;10989,0
2021-03-18 11:30:00;7,5;32,0;4686,0;3094,0;10618,0
2021-03-18 08:00:00;7,0;47,0;620,0;3069,0;13953,0
2021-03-17 17:30:00;8,4;26,0;1148,0;8728,0;8561,0
2021-03-16 11:30:00;8,5;31,0;4761,0;2430,0;8819,0
2021-03-15 15:00:00;9,3;20,0;3606,0;9120,0;6495,0
2021-03-14 13:30:00;9,0;32,0;5616,0;10141,0;4258,0
2021-03-13 09:30:00;8,5;44,0;2548,0;14098,0;6208,0
2021-03-12 12:30:00;9,3;24,0;4971,0;13242,0;5307,0
2021-03-11 11:30:00;9,7;23,0;3862,0;13556,0;5986,0
2021-03-09 17:00:00;8,6;79,0;2417,0;2321,0;8615,0
2021-03-08 17:30:00;7,9;71,0;1296,0;1519,0;10323,0
2021-03-08 16:00:00;8,6;66,0;3318,0;1317,0;8343,0
2021-03-08 11:00:00;6,7;70,0;4471,0;1681,0;9792,0
2021-03-06 11:00:00;7,2;67,0;4203,0;4222,0;6015,0
2021-03-06 08:00:00;6,5;72,0;337,0;5909,0;7857,0
2021-03-05 09:30:00;8,2;27,0;2141,0;4454,0;13499,0
2021-03-04 14:30:00;10,7;32,0;4323,0;1468,0;9301,0
2021-03-04 12:30:00;10,3;35,0;4862,0;872,0;10456,0
2021-03-03 10:00:00;9,1;26,0;1983,0;1060,0;13453,0
2021-03-02 18:30:00;10,9;44,0;149,0;1862,0;13074,0
2021-03-01 17:30:00;11,2;93,0;1223,0;2560,0;10930,0
2021-03-01 13:30:00;11,1;95,0;6143,0;2033,0;8506,0
2021-03-01 09:00:00;7,5;95,0;1903,0;4353,0;13584,0
2021-02-28 16:00:00;10,9;88,0;3842,0;5791,0;4958,0
2021-02-28 14:00:00;10,2;86,0;5774,0;5700,0;4799,0
2021-02-28 09:00:00;7,7;87,0;1670,0;6014,0;7688,0
2021-02-27 12:00:00;9,6;80,0;5603,0;6900,0;6699,0
2021-02-26 14:00:00;11,4;55,0;4186,0;3336,0;7234,0
2021-02-23 08:30:00;11,0;49,0;361,0;7516,0;11614,0
2021-02-22 12:00:00;11,2;8,0;1684,0;4381,0;10149,0
2021-02-21 12:30:00;11,6;48,0;4020,0;6699,0;6560,0
2021-02-21 11:00:00;10,6;47,0;3504,0;6999,0;6715,0
2021-02-20 14:30:00;11,7;42,0;4291,0;11993,0;5720,0
2021-02-20 10:00:00;9,3;43,0;2506,0;11065,0;7837,0
2021-02-19 15:00:00;10,2;43,0;3754,0;6079,0;8270,0
2021-02-19 08:30:00;7,9;46,0;275,0;6143,0;11622,0
2021-02-18 18:00:00;8,2;35,0;163,0;8670,0;9291,0
2021-02-18 12:30:00;8,7;9,0;2186,0;9847,0;10279,0
2021-02-17 15:00:00;9,2;63,0;4628,0;7344,0;8254,0
2021-02-16 11:30:00;6,1;20,0;2748,0;7331,0;12627,0
2021-02-15 17:00:00;6,3;27,0;960,0;7246,0;12628,0
2021-02-13 16:00:00;2,6;29,0;2271,0;7357,0;10123,0
2021-02-12 16:30:00;3,0;33,0;771,0;8792,0;11426,0
2021-02-10 16:00:00;4,4;49,0;2272,0;5909,0;11938,0
2021-02-10 14:00:00;4,2;43,0;3247,0;6194,0;12459,0
2021-02-10 08:30:00;3,0;29,0;144,0;7443,0;13886,0
2021-02-09 14:30:00;4,8;7,0;1794,0;3544,0;13455,0
2021-02-08 11:30:00;5,6;16,0;1984,0;1047,0;15740,0
2021-02-06 14:00:00;9,6;5,0;1207,0;2964,0;10497,0
2021-02-05 15:30:00;10,4;15,0;2029,0;1381,0;9766,0
2021-02-05 11:30:00;9,6;15,0;1661,0;1537,0;11758,0
2021-02-02 16:00:00;11,3;24,0;1511,0;9200,0;9097,0
2021-02-02 14:30:00;11,1;22,0;2494,0;10045,0;8704,0
2021-02-02 11:00:00;10,1;20,0;1971,0;10925,0;9594,0
2021-01-31 14:00:00;8,7;22,0;2489,0;3402,0;8765,0
2021-01-31 10:30:00;8,0;30,0;1618,0;2349,0;9119,0
2021-01-30 11:30:00;8,7;8,0;1212,0;8100,0;10422,0
2021-01-29 13:30:00;9,6;26,0;3181,0;14349,0;11110,0
2021-01-29 12:00:00;9,3;29,0;2962,0;14316,0;10718,0
2021-01-27 14:30:00;6,4;16,0;1836,0;3963,0;12174,0
2021-01-26 11:30:00;3,9;35,0;3235,0;2965,0;16856,0
2021-01-25 17:00:00;5,1;66,0;649,0;3176,0;13544,0
2021-01-25 12:30:00;5,1;45,0;3093,0;2926,0;14926,0
2021-01-25 11:00:00;4,7;47,0;2023,0;3273,0;16238,0
2021-01-24 14:00:00;5,4;39,0;3183,0;7309,0;7557,0
2021-01-21 10:30:00;7,1;9,0;1113,0;10471,0;9040,0
2021-01-20 11:00:00;6,3;12,0;1532,0;12295,0;9892,0
2021-01-18 11:30:00;4,4;52,0;3567,0;2907,0;12507,0
2021-01-17 17:00:00;5,3;52,0;478,0;3690,0;6650,0
2021-01-15 15:30:00;4,5;29,0;1522,0;4580,0;14320,0
2021-01-14 14:00:00;6,4;22,0;2108,0;9803,0;11851,0
2021-01-13 15:30:00;6,0;21,0;1320,0;7814,0;12178,0
2021-01-11 13:30:00;2,2;45,0;3487,0;3343,0;11686,0
2021-01-11 12:00:00;1,6;47,0;3265,0;2933,0;11734,0
2021-01-10 15:00:00;2,3;60,0;2584,0;3356,0;4105,0
2021-01-09 13:30:00;2,1;50,0;2797,0;4619,0;7382,0
2021-01-09 12:00:00;1,5;47,0;2465,0;3491,0;9586,0
2021-01-06 15:30:00;3,2;36,0;1086,0;775,0;11621,0
2021-01-05 11:30:00;2,3;20,0;1115,0;1570,0;14283,0
2021-01-03 13:00:00;3,4;28,0;2454,0;1481,0;6382,0
2021-01-02 14:00:00;3,5;24,0;1577,0;1778,0;8531,0
2021-01-01 11:30:00;3,7;40,0;1749,0;862,0;5453,0
2021-12-29 09:00:00;10,4;20,0;108,0;7769,0;12045,0
2021-12-28 10:00:00;9,6;14,0;535,0;14897,0;8364,0
2021-12-24 14:30:00;7,4;16,0;1563,0;2364,0;4049,0
2021-12-24 13:00:00;7,3;12,0;2126,0;2603,0;6413,0
2021-12-24 11:30:00;6,6;16,0;1667,0;2832,0;6246,0
2021-12-22 16:30:00;3,5;38,0;630,0;3442,0;8326,0
2021-12-22 14:00:00;3,4;38,0;3837,0;2264,0;8711,0
2021-12-21 10:30:00;3,1;69,0;2553,0;1894,0;12368,0
2021-12-20 10:30:00;4,2;30,0;1997,0;3054,0;9476,0
2021-12-19 10:30:00;4,7;59,0;2270,0;2391,0;5726,0
2021-12-18 13:30:00;6,8;84,0;5334,0;3417,0;4496,0
2021-12-17 17:00:00;6,8;72,0;149,0;7232,0;7693,0
2021-12-17 13:00:00;7,0;72,0;4965,0;5257,0;8103,0
2021-12-17 10:30:00;5,8;76,0;2836,0;6039,0;9193,0
2021-12-16 11:30:00;6,5;42,0;3276,0;2992,0;10675,0
2021-12-15 16:00:00;7,0;47,0;1260,0;1255,0;8251,0
2021-12-15 12:00:00;6,5;36,0;3484,0;1358,0;10392,0
2021-12-12 15:30:00;7,8;38,0;1513,0;2638,0;5019,0
2021-12-12 10:30:00;6,3;32,0;1880,0;4589,0;4980,0
2021-12-11 15:30:00;6,7;47,0;1624,0;2186,0;6032,0
2021-12-11 14:00:00;6,5;38,0;3127,0;2122,0;6351,0
2021-12-10 10:00:00;5,5;19,0;613,0;13657,0;9927,0
2021-12-09 13:00:00;6,1;40,0;3077,0;4922,0;11789,0
2021-12-09 10:30:00;5,0;39,0;1888,0;5902,0;12803,0
2021-12-08 14:30:00;6,2;32,0;2163,0;4814,0;7942,0
2021-12-07 12:00:00;6,2;15,0;2344,0;8485,0;8109,0
2021-12-07 10:00:00;5,5;30,0;1515,0;5772,0;9262,0
2021-12-06 11:00:00;5,7;32,0;2496,0;2647,0;10818,0
2021-12-05 11:30:00;5,7;37,0;3021,0;6479,0;5448,0
2021-12-03 13:00:00;5,4;26,0;3305,0;11053,0;7257,0
2021-12-03 09:00:00;4,4;43,0;490,0;7574,0;9871,0
2021-12-02 13:00:00;6,0;32,0;3549,0;8976,0;6158,0
2021-12-01 12:30:00;7,3;25,0;2112,0;11397,0;5786,0
2021-11-29 13:30:00;5,3;45,0;3419,0;2517,0;9198,0
2021-11-28 15:30:00;5,3;30,0;1114,0;7851,0;2855,0
2021-11-28 11:00:00;4,9;26,0;2742,0;8566,0;3256,0
2021-11-27 16:00:00;5,8;30,0;820,0;6428,0;3520,0
2021-11-27 11:30:00;5,3;26,0;2917,0;7973,0;3725,0
2021-11-26 14:00:00;6,4;24,0;2676,0;10613,0;5930,0
2021-11-25 14:30:00;6,5;20,0;1515,0;2795,0;9671,0
2021-11-25 09:30:00;5,5;14,0;564,0;2692,0;9830,0
2021-11-23 16:30:00;8,0;70,0;625,0;7187,0;7148,0
2021-11-23 12:00:00;7,2;64,0;5010,0;6660,0;5544,0
2021-11-23 11:00:00;6,7;64,0;4091,0;6693,0;5768,0
2021-11-23 09:00:00;6,0;64,0;801,0;8237,0;7230,0
2021-11-22 09:00:00;6,8;44,0;538,0;10141,0;5321,0
2021-11-20 10:30:00;7,6;39,0;3287,0;541,0;3465,0
2021-11-19 14:00:00;9,5;68,0;5384,0;557,0;5598,0
2021-11-19 12:00:00;8,8;59,0;5195,0;581,0;7042,0
2021-11-18 16:30:00;9,9;59,0;939,0;1432,0;5425,0
2021-11-18 08:30:00;7,9;51,0;293,0;1582,0;7821,0
2021-11-17 16:30:00;9,8;32,0;445,0;1521,0;6432,0
2021-11-17 15:00:00;9,8;26,0;1782,0;1479,0;4993,0
2021-11-16 08:30:00;8,5;31,0;191,0;784,0;10419,0
2021-11-14 17:00:00;10,3;22,0;135,0;3600,0;3604,0
2021-11-14 11:30:00;10,0;12,0;2349,0;2757,0;2576,0
2021-11-13 14:00:00;10,4;14,0;2285,0;3006,0;4424,0
2021-11-13 09:00:00;8,8;30,0;621,0;4755,0;2754,0
2021-11-12 16:00:00;10,6;42,0;1732,0;2818,0;2556,0
2021-11-11 16:30:00;9,9;56,0;1106,0;258,0;5179,0
2021-11-11 10:30:00;7,6;51,0;3562,0;764,0;5311,0
2021-11-08 15:30:00;10,5;50,0;2945,0;1869,0;6443,0
2021-11-07 16:00:00;10,6;36,0;1355,0;4135,0;2966,0
2021-11-07 10:30:00;8,7;28,0;2990,0;4715,0;3206,0
2021-11-04 13:30:00;10,5;37,0;4459,0;2732,0;4722,0
2021-11-04 10:30:00;9,5;46,0;3575,0;2554,0;6963,0
2021-11-03 09:00:00;10,2;34,0;889,0;3373,0;8386,0
2021-11-02 14:00:00;12,3;28,0;3906,0;2969,0;5190,0
2021-11-01 14:30:00;13,0;36,0;4260,0;8811,0;4331,0
2021-10-31 17:00:00;14,2;36,0;300,0;10900,0;2456,0
2021-10-31 08:30:00;12,8;30,0;535,0;10870,0;2786,0
2021-10-29 11:00:00;12,7;25,0;2497,0;11037,0;4124,0
2021-10-28 16:00:00;14,7;86,0;4827,0;5998,0;2302,0
2021-10-28 11:30:00;11,6;86,0;5225,0;4196,0;4108,0
2021-10-27 12:00:00;11,9;66,0;5673,0;1499,0;3429,0
2021-10-26 18:00:00;13,6;56,0;962,0;2656,0;3365,0
2021-10-26 14:30:00;13,7;41,0;5183,0;3033,0;2249,0
2021-10-25 15:00:00;13,6;46,0;4618,0;1876,0;2638,0
2021-10-24 17:00:00;14,5;77,0;3503,0;2283,0;2256,0
2021-10-23 11:00:00;11,7;86,0;5136,0;864,0;3458,0
2021-10-21 14:00:00;14,7;27,0;4753,0;11251,0;3251,0
2021-10-21 11:00:00;14,3;39,0;3294,0;11317,0;3479,0
2021-10-19 18:00:00;16,7;80,0;1318,0;5803,0;5057,0
2021-10-19 17:00:00;17,3;79,0;3298,0;5715,0;3568,0
2021-10-19 09:30:00;13,1;57,0;1218,0;6861,0;6155,0
2021-10-18 08:30:00;10,8;51,0;108,0;2594,0;8362,0
2021-10-17 15:00:00;14,2;62,0;6180,0;1053,0;1892,0
2021-10-16 15:00:00;14,0;89,0;6799,0;273,0;1893,0
2021-10-16 11:00:00;11,5;77,0;4909,0;546,0;3804,0
2021-10-14 16:00:00;14,3;96,0;6209,0;830,0;2082,0
2021-10-14 14:00:00;13,7;95,0;7850,0;1121,0;2004,0
2021-10-14 13:00:00;12,9;93,0;7773,0;1137,0;2443,0
2021-10-14 10:00:00;10,6;91,0;3505,0;1682,0;4489,0
2021-10-13 17:30:00;13,8;71,0;2868,0;1990,0;3602,0
2021-10-12 17:00:00;14,5;55,0;3766,0;3594,0;2638,0
2021-10-12 11:30:00;12,5;71,0;5534,0;1454,0;3694,0
2021-10-12 10:00:00;11,6;71,0;2813,0;1895,0;4626,0
2021-10-11 15:30:00;14,8;71,0;6337,0;2596,0;2489,0
2021-10-10 18:00:00;14,9;85,0;2026,0;2037,0;3053,0
2021-10-10 12:30:00;13,7;56,0;6677,0;895,0;2236,0
2021-10-10 09:00:00;12,1;55,0;772,0;1363,0;3327,0
2021-10-09 17:00:00;15,8;68,0;3452,0;1792,0;2726,0
2021-10-09 15:00:00;15,4;70,0;5955,0;1741,0;2668,0
2021-10-07 16:00:00;15,8;60,0;5712,0;1692,0;5534,0
2021-10-07 10:30:00;13,2;73,0;4420,0;1290,0;10213,0
2021-10-06 16:00:00;15,5;50,0;5373,0;8522,0;5561,0
2021-10-06 10:30:00;13,6;71,0;4021,0;7540,0;6875,0
2021-10-05 11:00:00;14,2;34,0;2643,0;9343,0;7138,0
2021-10-04 13:30:00;15,6;26,0;4477,0;5847,0;5349,0
2021-10-03 13:30:00;16,2;16,0;2606,0;8630,0;3776,0
2021-10-02 12:30:00;16,2;31,0;5553,0;9717,0;2222,0
2021-10-02 09:00:00;14,3;42,0;957,0;4869,0;4532,0
2021-10-01 17:30:00;16,8;22,0;1958,0;5482,0;3379,0
2021-10-01 13:30:00;16,5;34,0;5944,0;6263,0;2607,0
2021-10-01 09:00:00;13,4;53,0;1327,0;6268,0;5554,0
2021-09-30 16:00:00;17,1;73,0;6437,0;3749,0;3478,0
2021-09-30 12:30:00;15,7;74,0;7470,0;2623,0;4475,0
2021-09-29 16:00:00;17,3;53,0;5352,0;7925,0;2427,0
2021-09-29 11:00:00;16,2;70,0;4412,0;6202,0;4669,0
2021-09-29 09:00:00;15,6;59,0;1080,0;6633,0;6139,0
2021-09-28 11:30:00;16,4;40,0;5109,0;1108,0;5485,0
2021-09-27 10:00:00;17,1;29,0;1887,0;6697,0;5288,0
2021-09-26 13:30:00;18,7;29,0;5002,0;3102,0;3202,0
2021-09-25 11:00:00;17,1;38,0;3750,0;1089,0;3597,0
2021-09-24 12:00:00;17,5;78,0;6918,0;719,0;4313,0
2021-09-22 13:00:00;17,6;90,0;8030,0;1077,0;5187,0
2021-09-22 10:00:00;15,4;83,0;3738,0;850,0;6766,0
2021-09-21 15:30:00;18,2;52,0;5811,0;1655,0;4292,0
2021-09-20 14:00:00;18,0;25,0;5224,0;1600,0;5007,0
2021-09-19 18:30:00;18,5;33,0;1224,0;2559,0;5336,0
2021-09-19 10:30:00;17,5;35,0;3388,0;2585,0;3618,0
2021-09-18 17:00:00;20,3;37,0;3024,0;1361,0;4013,0
2021-09-18 08:00:00;17,6;52,0;157,0;1691,0;5681,0
2021-09-17 18:00:00;20,6;55,0;2918,0;670,0;5699,0
2021-09-17 12:30:00;19,7;58,0;6854,0;523,0;5494,0
2021-09-16 18:00:00;20,3;36,0;2136,0;706,0;5741,0
2021-09-16 11:00:00;19,4;25,0;2570,0;426,0;5980,0
2021-09-15 12:30:00;20,6;15,0;4300,0;1459,0;6062,0
2021-09-14 19:00:00;21,6;22,0;572,0;1716,0;8750,0
2021-09-13 15:00:00;22,6;51,0;6636,0;1103,0;3734,0
2021-09-13 08:30:00;18,3;64,0;867,0;1723,0;5318,0
2021-09-12 09:00:00;18,4;73,0;1836,0;706,0;3442,0
2021-09-11 18:00:00;21,5;61,0;3425,0;1130,0;4390,0
2021-09-11 13:00:00;20,9;54,0;7203,0;1128,0;3630,0
2021-09-10 08:30:00;20,7;26,0;364,0;1430,0;8029,0
2021-09-09 12:30:00;21,9;17,0;3693,0;2359,0;3595,0
2021-09-07 14:00:00;24,5;76,0;7670,0;3614,0;3615,0
2021-09-06 18:00:00;24,2;88,0;3799,0;1051,0;5188,0
2021-09-06 16:30:00;24,6;90,0;6413,0;905,0;3905,0
2021-09-06 12:00:00;22,5;92,0;7502,0;556,0;3606,0
2021-09-06 09:00:00;20,2;88,0;2036,0;904,0;5316,0
2021-09-05 15:30:00;23,3;74,0;7240,0;227,0;2835,0
2021-09-05 12:30:00;21,7;84,0;7942,0;87,0;3105,0
2021-09-04 12:30:00;20,9;52,0;6608,0;233,0;3561,0
2021-09-03 17:00:00;22,1;43,0;3574,0;608,0;3913,0
2021-09-03 13:30:00;21,0;45,0;5684,0;742,0;4084,0
2021-09-02 16:30:00;21,5;55,0;4346,0;3718,0;4649,0
2021-09-02 11:00:00;18,7;69,0;4635,0;3846,0;5609,0
2021-09-01 18:00:00;20,7;74,0;3317,0;6317,0;5337,0
2021-09-01 10:30:00;17,9;73,0;5289,0;4479,0;6296,0
2021-09-01 08:30:00;17,4;79,0;1166,0;4394,0;7552,0
2021-08-31 14:30:00;20,1;48,0;7417,0;3798,0;3879,0
2021-08-31 09:30:00;17,5;58,0;2871,0;2865,0;7307,0
2021-08-30 13:00:00;18,9;40,0;6626,0;3685,0;6157,0
2021-08-29 18:30:00;19,4;56,0;2769,0;4323,0;3467,0
2021-08-28 09:30:00;17,5;83,0;3433,0;2452,0;5203,0
2021-08-27 20:00:00;19,6;80,0;414,0;4119,0;6917,0
2021-08-27 11:00:00;18,9;72,0;5848,0;2575,0;5013,0
2021-08-27 08:30:00;18,1;83,0;1285,0;2455,0;6653,0
2021-08-26 16:30:00;21,3;72,0;6387,0;4188,0;4684,0
2021-08-26 12:30:00;20,1;78,0;7236,0;3183,0;5277,0
2021-08-26 10:00:00;18,7;82,0;4240,0;2429,0;6207,0
2021-08-26 08:00:00;18,3;84,0;485,0;2471,0;6773,0
2021-08-25 19:00:00;21,4;88,0;2023,0;4058,0;6301,0
2021-08-25 14:00:00;21,4;89,0;8138,0;4505,0;4306,0
2021-08-25 09:00:00;18,3;86,0;2307,0;2942,0;6258,0
2021-08-24 18:30:00;21,0;65,0;2793,0;8694,0;4577,0
2021-08-24 14:30:00;21,2;46,0;6377,0;7461,0;4910,0
2021-08-23 17:00:00;21,3;50,0;5106,0;4637,0;5232,0
2021-08-23 10:30:00;19,4;63,0;4743,0;2662,0;5658,0
2021-08-22 18:30:00;21,3;59,0;2644,0;4707,0;4003,0
2021-08-22 12:30:00;20,5;32,0;5485,0;4530,0;4321,0
2021-08-21 07:30:00;18,8;66,0;159,0;1588,0;4057,0
2021-08-20 18:30:00;22,1;76,0;3327,0;541,0;5856,0
2021-08-20 16:00:00;22,1;70,0;7041,0;617,0;4870,0
2021-08-20 08:00:00;18,1;67,0;557,0;757,0;6444,0
2021-08-19 20:00:00;20,0;48,0;461,0;1634,0;7803,0
2021-08-19 17:30:00;20,5;37,0;3632,0;1928,0;5277,0
2021-08-18 18:30:00;20,3;30,0;2070,0;2852,0;6033,0
2021-08-18 10:00:00;19,0;25,0;2758,0;1988,0;6501,0
2021-08-16 20:00:00;20,9;48,0;549,0;4604,0;7636,0
2021-08-15 19:00:00;23,7;51,0;1630,0;6323,0;5112,0
2021-08-15 11:30:00;23,3;62,0;5691,0;1134,0;5158,0
2021-08-14 17:00:00;25,8;97,0;6071,0;477,0;5580,0
2021-08-14 16:00:00;25,5;97,0;7274,0;481,0;5440,0
2021-08-13 20:30:00;23,6;95,0;275,0;1018,0;8989,0
2021-08-13 16:00:00;24,3;78,0;6958,0;1203,0;5779,0
2021-08-13 09:00:00;21,1;62,0;1949,0;775,0;8527,0
2021-08-12 14:00:00;23,7;67,0;6926,0;421,0;5875,0
2021-08-12 11:00:00;21,4;69,0;5515,0;368,0;6027,0
2021-08-11 12:00:00;21,1;89,0;7392,0;616,0;5857,0
2021-08-10 18:00:00;22,1;60,0;4168,0;1192,0;6904,0
2021-08-10 16:30:00;22,1;56,0;6236,0;1290,0;6181,0
2021-08-10 08:30:00;18,1;68,0;1427,0;949,0;7842,0
2021-08-09 15:00:00;20,3;47,0;6925,0;4572,0;6539,0
2021-08-09 07:30:00;17,3;44,0;256,0;3056,0;6249,0
2021-08-08 17:00:00;20,4;40,0;4825,0;5707,0;5080,0
2021-08-08 08:00:00;17,3;62,0;680,0;4386,0;5933,0
2021-08-07 18:30:00;19,2;31,0;2582,0;9074,0;5471,0
2021-08-07 17:00:00;19,6;24,0;4070,0;8617,0;5433,0
2021-08-06 20:30:00;19,6;39,0;314,0;3277,0;9652,0
2021-08-06 08:30:00;18,1;28,0;1113,0;7409,0;5606,0
2021-08-05 10:00:00;17,9;24,0;3332,0;1797,0;7698,0
2021-08-04 17:30:00;19,2;22,0;3457,0;1523,0;7149,0
2021-08-04 13:30:00;18,4;8,0;3985,0;1043,0;7432,0
2021-08-03 09:30:00;17,8;21,0;2332,0;909,0;6758,0
2021-08-01 19:00:00;20,2;44,0;2241,0;2601,0;6486,0
2021-08-01 12:00:00;19,3;32,0;5691,0;2339,0;6493,0
2021-07-31 20:00:00;19,7;26,0;555,0;2917,0;7762,0
2021-07-31 16:30:00;20,8;16,0;3206,0;3153,0;5305,0
2021-07-30 20:30:00;20,5;57,0;420,0;8488,0;6067,0
2021-07-30 17:30:00;21,6;31,0;3592,0;10793,0;5536,0
2021-07-30 11:00:00;20,2;37,0;4133,0;5636,0;5975,0
2021-07-29 12:00:00;20,7;57,0;6325,0;3630,0;6456,0
2021-07-28 20:00:00;21,5;58,0;955,0;5341,0;8407,0
2021-07-28 14:30:00;21,5;28,0;5865,0;6440,0;6825,0
2021-07-27 18:00:00;21,4;32,0;2822,0;3994,0;8221,0
2021-07-27 10:30:00;20,6;33,0;3882,0;973,0;7516,0
2021-07-26 17:30:00;22,9;41,0;4643,0;3402,0;6998,0
2021-07-26 14:00:00;22,3;31,0;6329,0;2818,0;6429,0
2021-07-26 09:00:00;20,6;38,0;2098,0;1398,0;7298,0
2021-07-25 19:30:00;22,3;35,0;1520,0;2933,0;8006,0
2021-07-25 13:00:00;22,2;36,0;6008,0;3380,0;6141,0
2021-07-25 09:00:00;21,3;38,0;2108,0;2502,0;5922,0
2021-07-24 17:30:00;22,6;25,0;4046,0;3110,0;6339,0
2021-07-24 09:30:00;22,5;27,0;2362,0;3230,0;6538,0
2021-07-23 14:30:00;25,0;44,0;6577,0;3638,0;6753,0
2021-07-22 15:30:00;25,4;94,0;7717,0;1498,0;6534,0
2021-07-20 11:30:00;23,1;100,0;7154,0;1876,0;6733,0
2021-07-18 20:00:00;23,4;98,0;1228,0;6368,0;8607,0
2021-07-17 11:30:00;19,2;63,0;6030,0;2423,0;7036,0
2021-07-16 20:30:00;19,6;71,0;555,0;3605,0;9279,0
2021-07-16 16:00:00;20,0;47,0;5644,0;4301,0;7476,0
2021-07-16 13:30:00;19,4;39,0;5733,0;3734,0;8898,0
2021-07-15 13:30:00;19,6;29,0;5429,0;6104,0;8607,0
2021-07-14 08:30:00;17,3;21,0;979,0;5267,0;6876,0
2021-07-13 17:00:00;19,0;24,0;3775,0;6001,0;7580,0
2021-07-13 11:00:00;18,0;20,0;3438,0;3228,0;8610,0
2021-07-13 08:00:00;18,0;21,0;669,0;2832,0;8516,0
2021-07-12 17:00:00;20,0;13,0;2948,0;2660,0;7343,0
2021-07-12 13:00:00;19,5;15,0;3827,0;1970,0;7749,0
2021-07-12 11:00:00;18,9;21,0;2808,0;1493,0;7741,0
2021-07-11 13:30:00;20,1;50,0;7514,0;267,0;6455,0
2021-07-10 15:00:00;20,0;31,0;5790,0;1447,0;6226,0
2021-07-10 07:30:00;18,0;52,0;554,0;622,0;6384,0
2021-07-09 16:00:00;20,5;46,0;6496,0;673,0;6896,0
2021-07-09 08:00:00;17,8;51,0;1195,0;644,0;8604,0
2021-07-08 21:00:00;19,1;57,0;250,0;1797,0;8549,0
2021-07-08 13:00:00;19,4;26,0;5185,0;1572,0;8708,0
2021-07-07 11:30:00;19,2;39,0;5536,0;1490,0;7222,0
2021-07-06 15:30:00;19,9;14,0;4466,0;8252,0;6625,0
2021-07-06 10:30:00;19,1;17,0;2933,0;9984,0;6530,0
2021-07-05 13:30:00;20,5;43,0;6632,0;4007,0;7679,0
2021-07-05 10:30:00;19,1;38,0;4357,0;2965,0;7510,0
2021-07-04 19:30:00;19,6;21,0;1470,0;3794,0;8561,0
2021-07-04 17:30:00;20,0;24,0;3878,0;3843,0;7164,0
2021-07-04 12:00:00;19,2;13,0;3475,0;3363,0;7124,0
2021-07-04 09:00:00;19,1;7,0;847,0;1318,0;7546,0
2021-07-02 16:00:00;22,0;42,0;6221,0;318,0;7814,0
2021-07-02 10:30:00;19,2;63,0;5496,0;166,0;9449,0
2021-07-01 13:00:00;19,5;46,0;6969,0;890,0;9749,0
2021-06-30 19:00:00;19,0;47,0;2470,0;1991,0;9720,0
2021-06-30 15:00:00;18,9;31,0;5525,0;2201,0;8407,0
2021-06-30 07:00:00;17,3;41,0;193,0;1979,0;8454,0
2021-06-29 20:30:00;18,3;43,0;576,0;2214,0;9118,0
2021-06-29 16:00:00;19,4;29,0;5108,0;2091,0;7568,0
2021-06-29 07:30:00;17,8;32,0;480,0;1177,0;8902,0
2021-06-28 11:30:00;19,1;32,0;4507,0;1027,0;8290,0
2021-06-27 17:30:00;20,5;27,0;3153,0;1740,0;6348,0
2021-06-27 09:00:00;18,3;15,0;1606,0;1494,0;6882,0
2021-06-26 17:30:00;21,0;42,0;4682,0;867,0;7121,0
2021-06-26 07:00:00;17,1;47,0;297,0;193,0;7176,0
2021-06-25 20:00:00;19,4;50,0;1131,0;933,0;10181,0
2021-06-25 16:30:00;20,0;37,0;5868,0;1419,0;7810,0
2021-06-25 08:00:00;16,7;50,0;1248,0;1252,0;9285,0
2021-06-24 11:00:00;17,9;44,0;4259,0;1353,0;9563,0
2021-06-24 08:30:00;17,0;44,0;1463,0;1398,0;10708,0
2021-06-22 16:30:00;19,9;28,0;4226,0;3739,0;8177,0
2021-06-22 11:30:00;19,5;26,0;4670,0;4104,0;8580,0
2021-06-22 10:30:00;19,3;26,0;3776,0;4079,0;8891,0
2021-06-22 08:00:00;19,0;33,0;962,0;4045,0;8906,0
2021-06-21 17:00:00;21,9;34,0;4418,0;1767,0;8311,0
2021-06-20 16:00:00;22,0;18,0;4673,0;1228,0;6446,0
2021-06-20 14:30:00;22,0;21,0;5010,0;1125,0;6338,0
2021-06-19 19:30:00;22,4;19,0;1294,0;3315,0;8757,0
2021-06-18 19:30:00;23,3;29,0;1639,0;4898,0;11158,0
2021-06-18 16:00:00;23,7;39,0;5908,0;6593,0;7805,0
2021-06-18 15:00:00;23,6;40,0;6423,0;6023,0;7620,0
2021-06-18 10:00:00;22,4;40,0;3600,0;2692,0;9387,0
2021-06-17 10:00:00;22,8;20,0;2996,0;2868,0;8357,0
2021-06-16 20:30:00;24,8;36,0;504,0;1151,0;10429,0
2021-06-15 12:00:00;23,3;92,0;7439,0;286,0;8127,0
2021-06-14 17:00:00;25,1;94,0;6240,0;783,0;8585,0
2021-06-14 14:30:00;24,4;97,0;8067,0;595,0;8284,0
2021-06-14 13:30:00;24,0;98,0;8113,0;589,0;8367,0
2021-06-13 19:30:00;23,7;99,0;2084,0;1564,0;9208,0
2021-06-13 11:30:00;21,8;99,0;7267,0;1068,0;6551,0
2021-06-13 07:30:00;20,4;98,0;712,0;1914,0;7189,0
2021-06-12 21:00:00;21,8;90,0;243,0;1771,0;8240,0
2021-06-12 08:30:00;20,3;59,0;1855,0;1092,0;8448,0
2021-06-11 20:00:00;22,3;75,0;1144,0;1674,0;10559,0
2021-06-10 19:30:00;22,1;64,0;1849,0;1066,0;10171,0
2021-06-10 13:00:00;21,4;70,0;7594,0;484,0;8868,0
2021-06-09 18:00:00;21,7;69,0;4333,0;1205,0;9779,0
2021-06-09 11:30:00;20,1;81,0;6879,0;554,0;8261,0
2021-06-09 07:00:00;18,4;80,0;314,0;742,0;8839,0
2021-06-08 21:00:00;19,9;70,0;258,0;1273,0;10193,0
2021-06-08 18:30:00;21,0;62,0;3572,0;966,0;10717,0
2021-06-08 15:00:00;20,9;55,0;6926,0;650,0;8703,0
2021-06-07 14:00:00;19,8;33,0;6045,0;753,0;8425,0
2021-06-07 09:30:00;17,5;59,0;3528,0;684,0;10101,0
2021-06-06 17:30:00;19,3;36,0;4068,0;1831,0;7621,0
2021-06-06 16:00:00;19,2;32,0;5266,0;1605,0;7182,0
2021-06-05 18:00:00;18,8;54,0;4069,0;1598,0;8767,0
2021-06-05 14:30:00;18,5;48,0;6429,0;1981,0;8283,0
2021-06-05 11:30:00;17,7;53,0;5640,0;2408,0;8598,0
2021-06-04 18:00:00;18,8;20,0;1805,0;2182,0;11217,0
2021-06-04 07:30:00;18,7;31,0;480,0;1372,0;9813,0
2021-06-03 10:30:00;19,2;47,0;4425,0;854,0;8343,0
2021-06-03 09:30:00;18,9;47,0;3105,0;912,0;8617,0
2021-06-03 08:00:00;18,8;48,0;1087,0;1134,0;8997,0
2021-06-02 16:30:00;20,1;29,0;4617,0;2993,0;7572,0
2021-06-02 12:00:00;19,2;22,0;4695,0;2009,0;8143,0
2021-06-02 08:30:00;18,7;28,0;1168,0;2027,0;10091,0
2021-06-02 07:00:00;19,0;30,0;147,0;3439,0;9363,0
2021-06-01 18:00:00;20,8;46,0;2925,0;2887,0;9650,0
2021-06-01 09:30:00;18,0;67,0;3764,0;2464,0;9488,0
2021-05-31 19:30:00;19,8;90,0;1827,0;2556,0;11242,0
2021-05-31 16:00:00;20,0;90,0;6777,0;2662,0;7756,0
2021-05-31 09:30:00;17,0;91,0;4137,0;1736,0;10251,0
2021-05-30 17:30:00;18,9;68,0;4677,0;3115,0;6451,0
2021-05-30 09:30:00;16,3;62,0;3817,0;1682,0;7444,0
2021-05-29 15:00:00;18,2;55,0;6197,0;2936,0;7080,0
2021-05-29 10:00:00;15,8;40,0;3961,0;1406,0;7978,0
2021-05-28 19:00:00;17,5;52,0;2371,0;1250,0;10927,0
2021-05-28 13:30:00;16,9;66,0;7592,0;1221,0;8871,0
2021-05-27 20:30:00;15,8;85,0;441,0;1177,0;11365,0
2021-05-27 14:00:00;15,5;59,0;7387,0;485,0;8847,0
2021-05-27 08:00:00;12,6;65,0;1271,0;676,0;10924,0
2021-05-26 07:30:00;12,1;40,0;591,0;7107,0;9479,0
2021-05-25 10:00:00;12,2;45,0;4168,0;8646,0;8888,0
2021-05-24 11:30:00;12,9;23,0;3863,0;8254,0;8551,0
2021-05-23 19:00:00;14,6;24,0;2113,0;6510,0;9555,0
2021-05-23 11:00:00;13,0;31,0;4898,0;5600,0;7936,0
2021-05-23 08:00:00;11,9;51,0;1162,0;4036,0;8194,0
2021-05-22 19:00:00;13,6;29,0;1919,0;7528,0;8836,0
2021-05-22 12:00:00;13,3;24,0;5052,0;10668,0;8508,0
2021-05-20 17:30:00;15,4;40,0;4819,0;8000,0;8474,0
2021-05-19 16:30:00;13,8;48,0;5546,0;6822,0;8276,0
2021-05-17 20:00:00;13,6;52,0;835,0;9716,0;11078,0
2021-05-17 17:30:00;14,1;42,0;4501,0;10788,0;8743,0
2021-05-17 11:30:00;13,1;25,0;5083,0;11340,0;8932,0
2021-05-15 16:00:00;13,6;12,0;3242,0;9505,0;7835,0
2021-05-14 18:30:00;13,6;30,0;2636,0;5598,0;9016,0
2021-05-14 14:00:00;13,5;27,0;5991,0;4761,0;8304,0
2021-05-13 18:30:00;13,9;35,0;2159,0;2220,0;7795,0
2021-05-12 12:00:00;13,6;34,0;6059,0;1798,0;7676,0
2021-05-12 09:00:00;12,6;43,0;2281,0;1034,0;9249,0
2021-05-11 10:30:00;13,7;24,0;2953,0;2201,0;8418,0
2021-05-10 19:00:00;14,8;26,0;1418,0;2937,0;9869,0
2021-05-10 11:00:00;14,8;24,0;3480,0;7510,0;8086,0
2021-05-09 20:30:00;16,2;10,0;131,0;8207,0;7691,0
2021-05-09 15:30:00;17,7;23,0;3723,0;9510,0;4798,0
2021-05-08 13:00:00;14,7;63,0;7436,0;7370,0;7450,0
2021-05-07 19:00:00;13,3;41,0;2095,0;1249,0;8530,0
2021-05-07 09:30:00;10,7;44,0;2801,0;2178,0;8812,0
2021-05-06 20:30:00;11,5;20,0;158,0;4488,0;9066,0
2021-05-06 14:30:00;12,0;23,0;4217,0;6084,0;6998,0
2021-05-06 12:30:00;11,5;21,0;3870,0;5005,0;7046,0
2021-05-05 15:00:00;12,4;38,0;6105,0;8256,0;5395,0
2021-05-05 10:30:00;11,0;45,0;4662,0;7276,0;7090,0
2021-05-04 15:30:00;12,8;25,0;4854,0;11206,0;5002,0
2021-05-04 13:00:00;12,3;27,0;5608,0;11819,0;5620,0
2021-05-04 09:00:00;10,6;27,0;2166,0;12317,0;6119,0
2021-05-03 15:00:00;13,1;74,0;7626,0;5073,0;5754,0
2021-05-03 11:00:00;11,0;92,0;6591,0;1515,0;6874,0
2021-05-02 16:30:00;11,9;39,0;5137,0;1736,0;5578,0
2021-05-02 14:30:00;11,7;31,0;6072,0;1532,0;5355,0
2021-05-02 08:00:00;9,0;76,0;911,0;1296,0;6212,0
2021-05-01 19:30:00;11,0;36,0;1010,0;3118,0;7047,0
2021-05-01 11:30:00;11,0;30,0;3319,0;1449,0;5030,0
2021-04-30 15:30:00;12,3;21,0;3631,0;668,0;5652,0
2021-04-29 17:30:00;12,7;24,0;2556,0;1456,0;5436,0
2021-04-28 15:00:00;14,1;19,0;3901,0;1979,0;4453,0
2021-04-27 19:00:00;14,7;57,0;1326,0;642,0;6988,0
2021-04-26 18:30:00;14,1;34,0;1543,0;6365,0;4866,0
2021-04-26 14:30:00;14,2;39,0;4400,0;7117,0;3852,0
2021-04-25 08:00:00;13,0;60,0;749,0;8118,0;3111,0
2021-04-23 15:00:00;15,0;98,0;7970,0;4161,0;2634,0
2021-04-22 11:00:00;11,4;96,0;6246,0;3711,0;5089,0
2021-04-22 08:30:00;10,5;93,0;1508,0;4887,0;6508,0
2021-04-21 17:00:00;13,1;33,0;4028,0;3538,0;3707,0
2021-04-20 20:00:00;12,0;46,0;377,0;925,0;8714,0
2021-04-19 20:30:00;10,8;77,0;102,0;710,0;7949,0
2021-04-19 14:00:00;11,3;72,0;7207,0;644,0;4355,0
2021-04-18 11:30:00;8,7;78,0;6474,0;1748,0;3161,0
2021-04-17 19:30:00;9,4;49,0;813,0;5722,0;4256,0
2021-04-17 08:00:00;6,4;68,0;420,0;4472,0;4402,0
2021-04-16 19:00:00;8,6;45,0;1467,0;5774,0;5139,0
2021-04-16 11:30:00;7,7;84,0;6597,0;3578,0;6097,0
2021-04-15 17:30:00;9,4;66,0;4596,0;4781,0;4067,0
2021-04-15 11:30:00;7,8;86,0;6915,0;4140,0;5930,0
2021-04-15 09:00:00;6,4;95,0;2409,0;2942,0;9469,0
2021-04-14 13:30:00;9,2;83,0;7580,0;4455,0;5381,0
2021-04-14 12:00:00;8,5;91,0;7255,0;4057,0;5557,0
2021-04-13 17:00:00;10,1;69,0;5583,0;2613,0;5109,0
2021-04-13 14:30:00;9,5;66,0;7384,0;2263,0;6416,0
2021-04-13 11:30:00;8,0;81,0;6652,0;2654,0;7387,0
2021-04-12 12:00:00;8,3;62,0;6113,0;2310,0;9076,0
2021-04-11 10:00:00;8,8;15,0;1552,0;5816,0;4684,0
2021-04-10 19:00:00;10,6;14,0;844,0;4913,0;5807,0
2021-04-10 15:00:00;10,9;9,0;2969,0;4865,0;4653,0
2021-04-10 12:00:00;9,9;10,0;3172,0;4764,0;6579,0
2021-04-10 08:00:00;8,8;15,0;150,0;4487,0;4957,0
2021-04-09 16:30:00;11,8;28,0;3716,0;5062,0;5196,0
2021-04-09 13:30:00;11,0;44,0;5710,0;3968,0;7037,0
2021-04-08 18:30:00;10,7;77,0;2778,0;912,0;5476,0
2021-04-08 11:00:00;7,4;87,0;5937,0;537,0;5990,0
2021-04-07 20:00:00;8,0;79,0;297,0;3184,0;10076,0
2021-04-07 16:30:00;9,0;81,0;6517,0;6438,0;4670,0
2021-04-06 19:30:00;8,0;58,0;822,0;7106,0;8539,0
2021-04-06 09:00:00;7,5;68,0;1708,0;3435,0;10068,0
2021-04-05 11:00:00;10,1;47,0;5084,0;6939,0;4259,0
2021-04-05 08:00:00;8,9;70,0;278,0;5472,0;4583,0
2021-04-04 15:00:00;12,4;90,0;7299,0;1887,0;3770,0
2021-04-03 09:00:00;11,8;61,0;1482,0;8666,0;5923,0
2021-04-02 17:30:00;14,5;86,0;4220,0;9961,0;5013,0
2021-03-31 16:30:00;17,3;75,0;5262,0;1007,0;5628,0
2021-03-31 15:00:00;16,9;77,0;6522,0;1012,0;5535,0
2021-03-31 10:30:00;13,4;78,0;3859,0;1267,0;7368,0
2021-03-30 19:30:00;15,6;99,0;470,0;871,0;10060,0
2021-03-29 12:30:00;12,5;99,0;6612,0;1640,0;5441,0
2021-03-29 08:00:00;8,9;98,0;110,0;3418,0;9421,0
2021-03-28 13:30:00;11,3;87,0;7008,0;4870,0;4077,0
2021-03-28 09:30:00;8,3;85,0;2200,0;3333,0;4780,0
2021-03-27 17:30:00;10,3;68,0;2142,0;4478,0;5218,0
2021-03-26 16:30:00;11,1;18,0;2554,0;9064,0;4771,0
2021-03-26 09:00:00;8,6;37,0;2215,0;3767,0;9525,0
2021-03-25 13:00:00;10,2;41,0;5494,0;1720,0;5965,0
2021-03-24 18:00:00;10,9;74,0;1168,0;1961,0;6719,0
2021-03-24 10:00:00;8,0;95,0;4893,0;489,0;7072,0
2021-03-23 17:00:00;10,0;95,0;3198,0;349,0;7150,0
2021-03-23 09:30:00;6,3;94,0;3923,0;1168,0;9187,0
2021-03-22 07:30:00;5,5;65,0;270,0;3591,0;9574,0
2021-03-21 17:00:00;8,1;34,0;1937,0;6874,0;4004,0
2021-03-21 13:30:00;7,8;33,0;5771,0;5462,0;4078,0
2021-03-20 10:30:00;6,1;84,0;5477,0;3505,0;5554,0
2021-03-19 15:30:00;7,7;45,0;3331,0;11421,0;6381,0
2021-03-19 12:00:00;7,1;37,0;4094,0;10563,0;6721,0
2021-03-18 11:00:00;7,4;35,0;4563,0;2927,0;10709,0
2021-03-18 07:30:00;7,0;48,0;174,0;3202,0;13319,0
2021-03-17 16:00:00;8,9;21,0;3406,0;9174,0;6770,0
2021-03-17 10:30:00;8,3;40,0;4078,0;7537,0;9354,0
2021-03-16 09:30:00;7,8;34,0;2762,0;2011,0;10869,0
2021-03-15 16:30:00;9,2;26,0;2335,0;8789,0;6464,0
2021-03-14 16:30:00;9,2;44,0;3140,0;10531,0;3925,0
2021-03-14 09:30:00;7,8;57,0;2697,0;9611,0;4854,0
2021-03-13 10:00:00;8,6;47,0;3210,0;14149,0;6033,0
2021-03-12 14:00:00;9,5;23,0;4947,0;13723,0;4673,0
2021-03-11 18:30:00;9,1;44,0;156,0;13628,0;7428,0
2021-03-11 14:00:00;10,3;18,0;3994,0;13841,0;4969,0
2021-03-10 14:00:00;8,7;46,0;5868,0;9385,0;6281,0
2021-03-09 13:30:00;8,1;78,0;5988,0;1865,0;9859,0
2021-03-09 11:30:00;7,0;78,0;5632,0;1504,0;9546,0
2021-03-08 13:00:00;7,9;72,0;5459,0;1658,0;8598,0
2021-03-07 16:00:00;9,0;47,0;2487,0;1008,0;4644,0
2021-03-07 13:30:00;8,5;48,0;4238,0;1088,0;5499,0
2021-03-06 18:00:00;8,4;72,0;518,0;3798,0;9176,0
2021-03-05 13:30:00;8,8;25,0;4916,0;5793,0;8735,0
2021-03-04 13:30:00;10,6;35,0;4937,0;1185,0;10096,0
2021-03-03 14:00:00;11,7;24,0;4149,0;692,0;9587,0
2021-03-02 16:00:00;12,6;43,0;2828,0;1737,0;8140,0
2021-03-02 08:00:00;7,6;64,0;282,0;3789,0;14791,0
2021-03-01 18:30:00;10,5;93,0;126,0;2960,0;12736,0
2021-03-01 12:30:00;10,5;96,0;6140,0;2045,0;8327,0
2021-02-27 12:30:00;9,9;80,0;5836,0;7444,0;6235,0
2021-02-26 17:30:00;10,8;62,0;892,0;3489,0;8391,0
2021-02-26 12:00:00;10,8;60,0;4086,0;2479,0;7768,0
2021-02-25 13:00:00;13,0;56,0;5178,0;1675,0;7832,0
2021-02-24 15:00:00;14,3;95,0;5204,0;6165,0;5689,0
2021-02-24 09:30:00;11,4;82,0;2027,0;6029,0;8911,0
2021-02-21 09:30:00;10,1;46,0;1858,0;8069,0;6523,0
2021-02-20 12:30:00;10,9;41,0;4418,0;11013,0;6451,0
2021-02-19 18:00:00;9,9;44,0;210,0;5652,0;12563,0
2021-02-19 15:30:00;10,4;44,0;3338,0;5867,0;8752,0
2021-02-19 10:00:00;7,9;35,0;2050,0;5590,0;11524,0
2021-02-17 11:30:00;7,6;57,0;4778,0;8038,0;9729,0
2021-02-16 16:00:00;8,2;22,0;1931,0;8373,0;9915,0
2021-02-15 11:30:00;4,2;34,0;4104,0;9433,0;14822,0
2021-02-14 16:00:00;4,1;23,0;2272,0;8385,0;9603,0
2021-02-14 11:30:00;1,6;50,0;3905,0;7235,0;10129,0
2021-02-13 13:30:00;1,8;30,0;3677,0;8176,0;11085,0
2021-02-12 17:00:00;2,9;36,0;529,0;8723,0;11947,0
2021-02-12 10:30:00;1,8;9,0;905,0;8565,0;16460,0
2021-02-09 15:00:00;4,9;7,0;1586,0;3983,0;12566,0
2021-02-08 12:30:00;5,8;14,0;2245,0;1055,0;15993,0
2021-02-07 15:30:00;7,2;23,0;2118,0;4060,0;10012,0
2021-02-02 17:30:00;10,9;36,0;178,0;8848,0;9395,0
2021-02-02 13:30:00;11,0;21,0;2779,0;10416,0;9734,0
2021-02-01 17:00:00;9,0;19,0;413,0;5712,0;11205,0
2021-02-01 09:30:00;8,9;10,0;405,0;5129,0;11939,0
2021-01-31 11:30:00;8,2;28,0;2282,0;2411,0;9350,0
2021-01-30 17:30:00;8,5;16,0;113,0;6658,0;10544,0
2021-01-29 14:00:00;9,6;25,0;3087,0;14235,0;10636,0
2021-01-29 11:00:00;9,0;32,0;2130,0;13926,0;10748,0
2021-01-28 10:00:00;7,4;13,0;742,0;13894,0;12166,0
2021-01-27 13:30:00;6,2;17,0;2179,0;4013,0;13526,0
2021-01-26 15:00:00;4,9;17,0;2661,0;3644,0;13087,0
2021-01-23 11:00:00;6,1;19,0;1512,0;6179,0;10116,0
2021-01-22 12:00:00;7,0;21,0;1259,0;2707,0;12217,0
2021-01-21 16:00:00;7,8;4,0;589,0;11463,0;8624,0
2021-01-20 14:00:00;7,8;9,0;1587,0;12889,0;7769,0
2021-01-19 13:30:00;5,8;45,0;4274,0;9107,0;11992,0
2021-01-18 14:00:00;5,4;47,0;4067,0;3194,0;10462,0
2021-01-18 11:00:00;4,1;53,0;3042,0;3043,0;13309,0
2021-01-16 15:00:00;3,5;14,0;1786,0;6521,0;8056,0
2021-01-16 12:00:00;3,1;23,0;2669,0;4901,0;10504,0
2021-01-15 17:00:00;4,1;37,0;273,0;3496,0;14441,0
2021-01-15 14:00:00;4,7;30,0;2316,0;5214,0;14734,0
2021-01-14 13:00:00;6,3;19,0;2373,0;9096,0;13739,0
2021-01-13 12:30:00;5,6;21,0;2299,0;5685,0;13849,0
2021-01-13 09:30:00;4,3;35,0;438,0;4041,0;14601,0
2021-01-12 17:00:00;4,7;23,0;144,0;8126,0;11789,0
2021-01-12 13:00:00;4,0;11,0;1864,0;10946,0;12472,0
2021-01-10 11:30:00;1,2;58,0;2710,0;2913,0;6473,0
2021-01-09 17:00:00;2,3;50,0;206,0;5322,0;8622,0
2021-01-08 09:00:00;0,9;65,0;170,0;961,0;14694,0
2021-01-07 15:30:00;3,0;40,0;1609,0;880,0;11525,0
2021-01-06 11:30:00;2,4;30,0;1733,0;768,0;14018,0
2021-01-06 09:30:00;1,9;29,0;330,0;921,0;11984,0
2021-01-05 11:00:00;2,2;20,0;933,0;1696,0;14115,0
2021-01-04 11:30:00;2,5;19,0;1366,0;1580,0;11068,0
2021-01-04 10:00:00;2,2;20,0;528,0;1569,0;9980,0
2021-01-02 11:30:00;2,8;30,0;1313,0;1627,0;8104,0
2021-01-01 10:30:00;3,4;39,0;1073,0;998,0;5472,0
2021-07-15 21:00:00;19,2;49,0;231,0;5612,0;9202,0
2021-07-14 19:30:00;18,9;33,0;1423,0;6351,0;8827,0
2021-07-14 16:00:00;19,2;24,0;4085,0;6202,0;7037,0
2021-07-13 13:00:00;18,3;21,0;4419,0;3639,0;8974,0
2021-07-12 14:00:00;19,9;13,0;4122,0;1861,0;7645,0
2021-07-12 08:30:00;18,7;16,0;871,0;1845,0;8232,0
2021-07-11 19:00:00;21,2;51,0;2842,0;402,0;7831,0
2021-07-11 08:30:00;17,9;56,0;1946,0;255,0;5740,0
2021-07-10 20:30:00;19,1;45,0;579,0;1724,0;9046,0
2021-07-10 07:00:00;18,1;54,0;218,0;545,0;6277,0
2021-07-09 12:30:00;19,4;39,0;6300,0;706,0;8495,0
2021-07-08 18:30:00;20,0;44,0;3368,0;2369,0;7369,0
2021-07-08 11:00:00;18,7;28,0;4427,0;1207,0;7914,0
2021-07-08 08:30:00;18,2;31,0;1537,0;1060,0;8053,0
2021-07-07 13:30:00;19,9;35,0;6128,0;1713,0;7674,0
2021-07-06 10:00:00;19,1;18,0;2426,0;9932,0;6560,0
2021-07-05 21:00:00;20,5;55,0;191,0;3874,0;9329,0
2021-07-04 16:30:00;20,0;24,0;4685,0;4464,0;7023,0
2021-07-04 11:00:00;19,1;10,0;2309,0;2797,0;6972,0
2021-07-04 08:30:00;19,2;7,0;609,0;1105,0;7269,0
2021-07-03 16:30:00;20,8;17,0;4298,0;1599,0;7646,0
2021-07-02 19:30:00;21,5;26,0;1592,0;567,0;9392,0
2021-07-02 12:00:00;20,4;60,0;6886,0;208,0;8735,0
2021-07-02 10:00:00;18,8;63,0;4725,0;167,0;9377,0
2021-07-02 09:00:00;18,2;61,0;3007,0;191,0;10155,0
2021-07-01 14:00:00;20,0;42,0;6735,0;1056,0;9620,0
2021-07-01 07:00:00;17,1;59,0;250,0;551,0;9895,0
2021-06-30 12:00:00;18,0;28,0;5014,0;2161,0;9750,0
2021-06-29 19:00:00;18,9;35,0;2258,0;2547,0;9980,0
2021-06-28 18:30:00;19,8;26,0;2483,0;2065,0;8251,0
2021-06-28 15:30:00;20,0;20,0;4675,0;1291,0;7945,0
2021-06-28 12:00:00;19,3;29,0;4838,0;1013,0;8361,0
2021-06-27 20:00:00;19,9;36,0;743,0;1302,0;8775,0
2021-06-27 17:00:00;20,6;25,0;3410,0;1764,0;6181,0
2021-06-27 08:30:00;18,2;16,0;1192,0;1595,0;6842,0
2021-06-27 07:30:00;18,2;18,0;426,0;1777,0;6483,0
2021-06-26 18:30:00;20,8;39,0;3318,0;954,0;7950,0
2021-06-25 14:00:00;19,5;34,0;6729,0;1472,0;7684,0
2021-06-25 10:00:00;17,4;46,0;4645,0;1120,0;8875,0
2021-06-24 16:00:00;19,6;32,0;4752,0;1762,0;8604,0
2021-06-24 07:30:00;16,9;45,0;485,0;1717,0;9273,0
2021-06-23 20:00:00;18,8;18,0;880,0;2738,0;10125,0
2021-06-23 17:30:00;19,6;20,0;3068,0;2433,0;8830,0
2021-06-23 14:30:00;19,3;18,0;4667,0;1595,0;8718,0
2021-06-22 18:00:00;19,7;29,0;3064,0;3958,0;8662,0
2021-06-21 18:30:00;21,5;32,0;2646,0;2407,0;9252,0
2021-06-21 16:00:00;22,0;36,0;5207,0;1318,0;8012,0
2021-06-21 14:00:00;22,1;40,0;6095,0;914,0;8570,0
2021-06-20 18:00:00;21,6;19,0;2898,0;1966,0;7503,0
2021-06-20 08:00:00;20,9;27,0;1050,0;2142,0;6758,0
2021-06-19 16:30:00;23,3;26,0;4380,0;1871,0;7266,0
2021-06-19 11:30:00;22,3;28,0;4618,0;986,0;7955,0
2021-06-19 07:30:00;21,6;23,0;516,0;1520,0;7857,0
2021-06-18 17:30:00;23,6;35,0;4528,0;6275,0;9247,0
2021-06-18 12:00:00;23,0;42,0;5760,0;3508,0;9207,0
2021-06-18 09:30:00;22,3;39,0;2936,0;2535,0;9866,0
2021-06-17 18:30:00;23,2;8,0;1427,0;1789,0;9281,0
2021-06-16 12:30:00;24,6;72,0;6768,0;646,0;7772,0
2021-06-15 17:30:00;25,0;85,0;5322,0;254,0;7566,0
2021-06-15 14:00:00;24,5;91,0;7898,0;217,0;6876,0
2021-06-15 09:30:00;21,9;89,0;4197,0;339,0;9083,0
2021-06-14 18:30:00;24,7;90,0;3862,0;977,0;9860,0
2021-06-14 09:30:00;21,4;98,0;4290,0;347,0;9191,0
2021-06-13 17:00:00;24,1;100,0;5583,0;1264,0;7098,0
2021-06-13 07:00:00;20,4;98,0;293,0;2153,0;7379,0
2021-06-12 20:00:00;22,3;86,0;1184,0;1834,0;8386,0
2021-06-11 17:00:00;22,8;61,0;5375,0;1152,0;8923,0
2021-06-11 09:00:00;20,0;75,0;3059,0;470,0;10341,0
2021-06-11 07:00:00;20,0;72,0;307,0;1159,0;9565,0
2021-06-10 16:00:00;22,4;61,0;6566,0;705,0;8005,0
2021-06-10 10:00:00;19,6;73,0;4967,0;500,0;9190,0
2021-06-09 17:30:00;21,8;70,0;4884,0;1142,0;8789,0
2021-06-09 15:00:00;21,5;72,0;7071,0;818,0;9071,0
2021-06-09 07:30:00;18,4;81,0;704,0;718,0;9065,0
2021-06-08 14:00:00;20,7;55,0;7081,0;585,0;8797,0
2021-06-08 09:30:00;18,0;80,0;4169,0;606,0;9402,0
2021-06-06 20:00:00;19,0;47,0;1012,0;1867,0;9623,0
2021-06-06 14:30:00;19,1;30,0;5806,0;1552,0;8304,0
2021-06-06 12:00:00;18,3;46,0;5804,0;1271,0;8567,0
2021-06-05 12:00:00;17,8;52,0;5998,0;2314,0;8505,0
2021-06-04 20:30:00;18,4;27,0;353,0;1939,0;11766,0
2021-06-04 19:00:00;18,6;22,0;1214,0;2192,0;11009,0
2021-06-03 18:30:00;20,3;38,0;2563,0;1040,0;9246,0
2021-06-03 16:00:00;20,6;36,0;4881,0;875,0;7628,0
2021-06-03 11:00:00;19,4;46,0;5045,0;801,0;8490,0
2021-06-02 15:00:00;19,9;21,0;5133,0;2544,0;7343,0
2021-06-01 15:30:00;20,9;58,0;5636,0;3122,0;7885,0
2021-06-01 09:00:00;17,8;66,0;2905,0;2715,0;9297,0
2021-05-31 15:30:00;19,8;91,0;7165,0;2790,0;7609,0
2021-05-31 08:30:00;16,8;89,0;2176,0;2422,0;10164,0
2021-05-30 18:00:00;18,8;69,0;4096,0;3204,0;6607,0
2021-05-30 11:30:00;17,3;75,0;6904,0;2420,0;6739,0
2021-05-29 14:30:00;18,2;55,0;6377,0;2882,0;7256,0
2021-05-28 18:30:00;17,7;53,0;3229,0;1117,0;9512,0
2021-05-28 16:00:00;17,7;60,0;6542,0;937,0;8621,0
2021-05-28 08:30:00;13,9;58,0;2274,0;1445,0;11640,0
2021-05-27 15:30:00;16,0;60,0;7002,0;620,0;8701,0
2021-05-27 09:30:00;13,0;64,0;4039,0;484,0;11061,0
2021-05-26 19:30:00;14,2;33,0;1513,0;4170,0;10772,0
2021-05-26 16:30:00;14,5;32,0;5131,0;6276,0;8224,0
2021-05-26 12:00:00;13,3;40,0;5606,0;6885,0;9497,0
2021-05-25 18:30:00;14,1;40,0;3071,0;10033,0;9150,0
2021-05-25 07:30:00;11,8;66,0;585,0;9069,0;10234,0
2021-05-24 13:30:00;13,5;30,0;5197,0;9814,0;7912,0
2021-05-24 07:00:00;12,5;26,0;119,0;7362,0;7808,0
2021-05-23 20:30:00;14,1;22,0;428,0;6057,0;11443,0
2021-05-23 18:00:00;14,8;28,0;3445,0;7248,0;8010,0
2021-05-22 20:00:00;13,3;30,0;834,0;6858,0;9511,0
2021-05-22 13:30:00;13,8;28,0;5570,0;10198,0;8975,0
2021-05-22 11:00:00;13,0;22,0;4107,0;11033,0;8447,0
2021-05-21 15:00:00;14,4;20,0;4300,0;12471,0;7635,0
2021-05-20 18:30:00;15,2;34,0;3167,0;7785,0;9551,0
2021-05-19 18:00:00;13,7;53,0;3970,0;6960,0;9480,0
2021-05-19 13:00:00;13,3;40,0;6116,0;5991,0;8872,0
2021-05-18 18:00:00;13,7;28,0;2282,0;3264,0;10648,0
2021-05-18 08:30:00;12,2;22,0;1464,0;2699,0;11518,0
2021-05-17 15:00:00;13,9;33,0;6125,0;11209,0;8336,0
2021-05-17 09:00:00;12,4;25,0;2209,0;10782,0;9587,0
2021-05-16 18:00:00;13,9;19,0;2459,0;8503,0;8509,0
2021-05-15 18:30:00;13,6;17,0;1648,0;8812,0;8337,0
2021-05-15 11:00:00;12,6;5,0;2509,0;6563,0;8212,0
2021-05-14 18:00:00;13,7;31,0;3509,0;5535,0;8631,0
2021-05-14 11:30:00;12,8;30,0;5262,0;3701,0;8838,0
2021-05-14 08:00:00;11,8;29,0;873,0;2806,0;9871,0
2021-05-13 20:00:00;13,5;38,0;572,0;1952,0;9488,0
2021-05-12 16:00:00;14,3;21,0;4462,0;2357,0;8116,0
2021-05-12 07:30:00;12,6;47,0;479,0;1873,0;8241,0
2021-05-11 15:00:00;14,0;24,0;5336,0;5312,0;7683,0
2021-05-10 17:30:00;15,0;21,0;2892,0;4351,0;8253,0
2021-05-10 12:30:00;14,9;25,0;4020,0;7104,0;8818,0
2021-05-09 19:00:00;16,8;12,0;1001,0;9586,0;7397,0
2021-05-09 14:30:00;17,6;27,0;4331,0;9024,0;4995,0
2021-05-09 09:00:00;14,5;33,0;2213,0;8129,0;6487,0
2021-05-08 10:00:00;12,2;56,0;4462,0;5163,0;8044,0
2021-05-07 20:30:00;12,6;45,0;249,0;821,0;8907,0
2021-05-07 11:30:00;11,8;48,0;5180,0;2305,0;7694,0
2021-05-06 15:00:00;12,1;21,0;4175,0;6203,0;6784,0
2021-05-05 16:30:00;12,5;35,0;5315,0;7859,0;5161,0
2021-05-05 12:00:00;11,6;42,0;5704,0;7639,0;6564,0
2021-05-03 17:30:00;13,7;77,0;5334,0;7648,0;5677,0
2021-05-03 16:00:00;13,5;77,0;7128,0;6235,0;5287,0
2021-05-02 19:30:00;11,6;65,0;1272,0;1245,0;6826,0
2021-05-01 17:30:00;11,4;24,0;2782,0;2716,0;5673,0
2021-05-01 12:00:00;11,1;27,0;3426,0;1509,0;5205,0
2021-05-01 10:30:00;10,6;32,0;2473,0;1222,0;5449,0
2021-04-30 18:30:00;12,0;26,0;1463,0;782,0;6261,0
2021-04-30 16:00:00;12,4;20,0;3410,0;707,0;5614,0
2021-04-30 13:00:00;12,0;26,0;4178,0;536,0;7027,0
2021-04-30 10:30:00;11,3;31,0;3059,0;818,0;6832,0
2021-04-28 11:30:00;13,3;31,0;3128,0;878,0;5934,0
2021-04-28 08:00:00;12,2;34,0;376,0;1070,0;6063,0
2021-04-27 17:30:00;15,1;57,0;3139,0;507,0;3891,0
2021-04-26 10:30:00;12,7;25,0;2891,0;6084,0;4437,0
2021-04-25 13:30:00;14,6;42,0;5567,0;7356,0;3349,0
2021-04-25 07:30:00;13,2;61,0;276,0;8371,0;3228,0
2021-04-24 20:30:00;15,0;67,0;141,0;5975,0;5045,0
2021-04-24 18:00:00;16,1;74,0;4119,0;4830,0;3162,0
2021-04-24 08:30:00;12,2;86,0;1648,0;5347,0;3995,0
2021-04-23 17:30:00;15,5;96,0;5303,0;4765,0;2620,0
2021-04-23 14:00:00;14,7;99,0;8240,0;3848,0;2692,0
2021-04-23 12:00:00;13,1;100,0;7637,0;2880,0;3259,0
2021-04-22 15:00:00;13,7;77,0;7423,0;4080,0;3634,0
2021-04-22 09:00:00;10,5;94,0;2544,0;4460,0;6481,0
2021-04-21 11:30:00;11,6;56,0;4893,0;1180,0;5641,0
2021-04-20 12:00:00;11,2;55,0;6379,0;354,0;4942,0
2021-04-19 18:00:00;12,0;62,0;3733,0;689,0;3963,0
2021-04-19 08:30:00;7,6;89,0;1410,0;997,0;8748,0
2021-04-18 19:00:00;10,2;62,0;1655,0;1985,0;4392,0
2021-04-18 12:00:00;9,0;74,0;6743,0;1837,0;2906,0
2021-04-17 12:30:00;8,6;59,0;6008,0;5767,0;3254,0
2021-04-17 10:30:00;7,3;69,0;4390,0;3349,0;4797,0
2021-04-16 15:30:00;8,9;48,0;5629,0;5936,0;3691,0
2021-04-15 19:30:00;8,7;73,0;1059,0;4963,0;6280,0
2021-04-13 12:30:00;8,6;75,0;7330,0;2511,0;6419,0
2021-04-13 08:00:00;6,4;93,0;495,0;3066,0;10396,0
2021-04-12 09:00:00;7,2;77,0;1941,0;1876,0;9223,0
2021-04-11 18:00:00;9,1;17,0;1537,0;6144,0;4280,0
2021-04-11 12:00:00;9,0;8,0;2578,0;5854,0;6189,0
2021-04-11 09:30:00;8,9;19,0;1193,0;5602,0;4696,0
2021-04-10 10:30:00;9,2;10,0;2059,0;4618,0;6548,0
2021-04-09 14:30:00;11,5;41,0;5598,0;4475,0;5110,0
2021-04-08 16:30:00;10,9;88,0;6490,0;806,0;4175,0
2021-04-08 15:00:00;10,2;88,0;7710,0;681,0;3929,0
2021-04-07 12:00:00;7,3;79,0;6980,0;5929,0;5876,0
2021-04-05 12:00:00;10,5;48,0;6167,0;7433,0;3769,0
2021-04-04 14:30:00;12,2;88,0;7445,0;1936,0;3827,0
2021-04-02 18:00:00;14,2;86,0;3272,0;10291,0;5387,0
2021-04-02 13:30:00;14,4;89,0;7302,0;6888,0;4741,0
2021-04-01 18:30:00;16,9;82,0;2362,0;4577,0;6338,0
2021-04-01 15:00:00;17,3;91,0;7054,0;2147,0;5919,0
2021-04-01 09:00:00;13,7;89,0;1592,0;1518,0;9571,0
2021-03-31 13:00:00;15,8;78,0;6583,0;844,0;6318,0
2021-03-30 17:00:00;16,8;98,0;4811,0;1262,0;5174,0
2021-03-30 16:00:00;16,4;98,0;6031,0;1419,0;4882,0
2021-03-30 14:00:00;15,7;98,0;6944,0;1161,0;4933,0
2021-03-29 20:00:00;13,9;98,0;102,0;1207,0;9083,0
2021-03-29 13:00:00;13,1;100,0;6890,0;1588,0;5313,0
2021-03-28 19:00:00;12,0;87,0;1285,0;2035,0;5837,0
2021-03-28 15:30:00;12,2;88,0;6076,0;2893,0;3652,0
2021-03-27 08:30:00;8,6;82,0;1918,0;7175,0;4886,0
2021-03-26 13:00:00;10,9;26,0;5249,0;8313,0;5297,0
2021-03-25 17:00:00;10,9;61,0;2621,0;1903,0;6766,0
2021-03-25 13:30:00;10,4;43,0;5355,0;1766,0;6373,0
2021-03-25 10:00:00;8,5;49,0;3516,0;1170,0;8168,0
2021-03-23 15:30:00;10,1;94,0;5559,0;365,0;6097,0
2021-03-23 13:00:00;9,0;92,0;6949,0;508,0;7535,0
2021-03-23 11:00:00;7,6;94,0;6111,0;1035,0;7130,0
2021-03-22 16:30:00;8,4;64,0;3760,0;2916,0;7358,0
2021-03-22 14:30:00;8,2;61,0;5883,0;2734,0;7282,0
2021-03-22 12:00:00;7,4;59,0;5864,0;2657,0;8547,0
2021-03-22 08:00:00;5,5;63,0;807,0;3470,0;10072,0
2021-03-20 15:30:00;8,0;81,0;5562,0;4764,0;4505,0
2021-03-20 11:00:00;6,4;81,0;5980,0;3840,0;5283,0
2021-03-19 17:00:00;7,4;54,0;1869,0;10887,0;6821,0
2021-03-19 10:00:00;6,6;27,0;2561,0;8688,0;9629,0
2021-03-18 16:30:00;7,8;20,0;2030,0;4204,0;9053,0
2021-03-17 16:30:00;8,8;22,0;2640,0;9133,0;7234,0
2021-03-16 18:00:00;9,2;40,0;706,0;5059,0;10853,0
2021-03-16 14:30:00;9,3;30,0;4608,0;3722,0;7344,0
2021-03-15 12:00:00;9,0;19,0;3882,0;8766,0;9246,0
2021-03-14 12:30:00;8,7;34,0;5396,0;9662,0;4407,0
2021-03-14 09:00:00;7,7;56,0;1854,0;9473,0;4898,0
2021-03-13 13:30:00;9,4;27,0;4647,0;14652,0;4920,0
2021-03-12 10:00:00;8,3;41,0;3098,0;10397,0;8052,0
2021-03-11 14:30:00;10,3;18,0;3711,0;13896,0;4594,0
2021-03-11 08:00:00;7,8;24,0;288,0;14321,0;7652,0
2021-03-10 08:00:00;5,1;52,0;566,0;4697,0;14080,0
2021-03-09 18:00:00;8,1;83,0;741,0;2170,0;11351,0
2021-03-09 08:00:00;5,1;81,0;450,0;2179,0;14129,0
2021-03-07 10:00:00;6,5;50,0;2469,0;749,0;6427,0
2021-03-05 10:30:00;8,2;27,0;3490,0;5528,0;11360,0
2021-03-04 15:30:00;10,7;30,0;3595,0;2093,0;8981,0
2021-03-04 10:30:00;9,4;34,0;3276,0;669,0;11230,0
2021-03-03 15:00:00;11,9;22,0;3615,0;674,0;8636,0
2021-03-03 12:30:00;11,1;26,0;4166,0;585,0;10103,0
2021-03-02 14:30:00;12,0;51,0;4099,0;1798,0;8328,0
2021-03-02 10:00:00;8,7;55,0;2744,0;2727,0;11146,0
2021-03-01 08:00:00;7,1;96,0;310,0;4607,0;14478,0
2021-02-28 08:00:00;7,6;90,0;196,0;6745,0;7012,0
2021-02-27 17:00:00;10,3;86,0;2337,0;8797,0;5604,0
2021-02-27 14:00:00;10,4;83,0;5815,0;8005,0;5802,0
2021-02-25 11:00:00;11,7;52,0;3994,0;1956,0;8477,0
2021-02-24 11:30:00;12,5;89,0;5083,0;4771,0;6808,0
2021-02-23 11:30:00;11,9;64,0;4443,0;7920,0;6891,0
2021-02-23 09:30:00;11,0;51,0;1576,0;7104,0;11206,0
2021-02-22 16:00:00;11,7;6,0;912,0;3535,0;10075,0
2021-02-21 11:30:00;10,9;47,0;3788,0;6830,0;6407,0
2021-02-20 09:30:00;9,2;44,0;1868,0;11435,0;7940,0
2021-02-18 14:30:00;8,9;14,0;2176,0;9818,0;9774,0
2021-02-17 16:00:00;9,6;63,0;3447,0;6181,0;8864,0
2021-02-17 12:00:00;8,0;59,0;5264,0;8249,0;9312,0
2021-02-17 08:30:00;6,4;57,0;343,0;7993,0;10148,0
2021-02-16 12:30:00;6,9;18,0;3245,0;6620,0;13682,0
2021-02-15 18:00:00;6,0;31,0;141,0;7758,0;14055,0
2021-02-15 10:00:00;3,0;34,0;2327,0;9996,0;14866,0
2021-02-14 16:30:00;3,9;25,0;1687,0;8844,0;9221,0
2021-02-14 09:00:00;0,0;60,0;860,0;8056,0;9610,0
2021-02-13 17:30:00;2,2;44,0;567,0;6025,0;12153,0
2021-02-13 15:30:00;2,4;29,0;2752,0;7693,0;10057,0
2021-02-12 13:30:00;2,7;21,0;1529,0;8423,0;14424,0
2021-02-11 15:30:00;3,8;33,0;2799,0;6792,0;13083,0
2021-02-10 17:30:00;3,9;56,0;431,0;5381,0;12852,0
2021-02-10 13:30:00;4,1;41,0;3260,0;6125,0;13651,0
2021-02-09 16:30:00;5,0;7,0;579,0;5022,0;12370,0
2021-02-09 12:00:00;4,4;9,0;2149,0;2112,0;16706,0
2021-02-08 16:30:00;5,7;9,0;734,0;1316,0;11541,0
2021-02-08 13:00:00;5,9;14,0;2176,0;1074,0;15413,0
2021-02-08 09:30:00;5,5;19,0;811,0;1094,0;13888,0
2021-02-07 15:00:00;7,2;22,0;2386,0;4254,0;9570,0
2021-02-06 15:30:00;9,6;5,0;812,0;3469,0;9660,0
2021-02-06 10:30:00;9,1;4,0;583,0;2638,0;12178,0
2021-02-06 09:30:00;9,0;6,0;251,0;2402,0;12764,0
2021-02-05 09:00:00;9,1;20,0;199,0;1809,0;13257,0
2021-02-04 13:30:00;10,0;20,0;2328,0;1992,0;12383,0
2021-02-03 15:00:00;10,6;22,0;2377,0;12352,0;9513,0
2021-02-03 13:00:00;10,9;14,0;2539,0;12886,0;10338,0
2021-02-01 15:00:00;9,2;11,0;1528,0;6571,0;10963,0
2021-01-31 11:00:00;8,1;29,0;2020,0;2422,0;9024,0
2021-01-30 12:30:00;8,9;7,0;1529,0;8211,0;11236,0
2021-01-28 14:30:00;9,2;14,0;2139,0;13239,0;10279,0
2021-01-27 15:00:00;6,5;15,0;1499,0;3783,0;11566,0
2021-01-26 13:30:00;4,7;26,0;3574,0;3155,0;14916,0
2021-01-24 11:30:00;4,9;42,0;2872,0;5176,0;8738,0
2021-01-22 11:00:00;6,8;21,0;848,0;2832,0;12213,0
2021-01-18 12:30:00;5,0;49,0;4153,0;3008,0;12226,0
2021-01-17 10:30:00;4,5;46,0;1464,0;5928,0;7037,0
2021-01-16 09:30:00;3,0;33,0;636,0;3978,0;9784,0
2021-01-15 11:00:00;4,7;33,0;1933,0;5385,0;17264,0
2021-01-13 13:30:00;5,8;19,0;2228,0;6335,0;12483,0
2021-01-13 09:00:00;4,2;37,0;143,0;3986,0;13511,0
2021-01-12 15:30:00;4,6;17,0;932,0;8932,0;11642,0
2021-01-12 11:00:00;3,0;16,0;1079,0;12215,0;11810,0
2021-01-11 12:30:00;1,8;46,0;3422,0;3089,0;11793,0
2021-01-10 10:30:00;0,7;58,0;1601,0;3451,0;6770,0
2021-01-09 15:00:00;2,3;47,0;1885,0;5643,0;6899,0
2021-01-08 12:30:00;2,3;56,0;3703,0;756,0;14545,0
2021-01-06 12:30:00;2,8;30,0;2203,0;679,0;14292,0
2021-01-05 16:00:00;3,0;14,0;460,0;2141,0;11574,0
2021-01-05 09:30:00;2,0;22,0;207,0;2058,0;14336,0
2021-01-04 09:30:00;2,2;23,0;267,0;1621,0;10157,0
2021-01-03 17:00:00;3,5;35,0;122,0;1879,0;5163,0
2021-01-02 16:30:00;3,7;19,0;338,0;1738,0;7938,0
2021-12-31 14:30:00;11,9;76,0;4464,0;3325,0;7928,0
2021-12-31 10:00:00;10,1;66,0;1951,0;5351,0;9974,0
2021-12-30 09:30:00;11,4;39,0;514,0;8295,0;9280,0
2021-12-28 13:30:00;10,1;13,0;1441,0;15107,0;8192,0
2021-12-26 11:00:00;7,7;22,0;1870,0;3059,0;4316,0
2021-12-25 13:00:00;7,9;16,0;2796,0;542,0;5158,0
2021-12-22 17:00:00;3,3;37,0;153,0;3834,0;9035,0
2021-12-21 12:30:00;4,2;70,0;4695,0;905,0;9303,0
2021-12-19 11:00:00;4,8;55,0;2871,0;2305,0;5759,0
2021-12-18 15:00:00;7,0;85,0;3774,0;3873,0;4082,0
2021-12-17 13:30:00;7,0;73,0;4907,0;5537,0;6952,0
2021-12-16 14:00:00;7,3;49,0;3785,0;3283,0;9217,0
2021-12-15 16:30:00;6,8;49,0;601,0;1339,0;8975,0
2021-12-15 15:00:00;6,9;44,0;2643,0;1179,0;8134,0
2021-12-14 12:30:00;6,6;47,0;4173,0;374,0;10712,0
2021-12-12 10:00:00;6,0;32,0;1353,0;4787,0;5143,0
2021-12-10 12:00:00;6,0;25,0;1699,0;14669,0;9479,0
2021-12-08 15:00:00;6,2;33,0;1738,0;4476,0;7552,0
2021-12-08 11:30:00;5,8;27,0;2005,0;6113,0;9049,0
2021-12-08 10:30:00;5,5;26,0;1207,0;6658,0;9467,0
2021-12-08 09:00:00;5,5;26,0;127,0;7217,0;9037,0
2021-12-07 16:30:00;6,8;11,0;162,0;12424,0;7868,0
2021-12-06 12:00:00;6,1;28,0;3070,0;3149,0;11272,0
2021-12-05 11:00:00;5,6;40,0;2437,0;6544,0;5468,0
2021-12-04 15:00:00;7,2;30,0;1513,0;12555,0;4437,0
2021-12-03 15:30:00;5,8;31,0;1188,0;11454,0;7013,0
2021-12-03 08:30:00;4,4;44,0;106,0;7026,0;10340,0
2021-12-02 13:30:00;6,0;33,0;3516,0;8552,0;6220,0
2021-12-02 10:00:00;5,3;50,0;1810,0;7229,0;8100,0
2021-12-01 11:00:00;6,7;31,0;1915,0;11898,0;5677,0
2021-11-30 16:00:00;6,6;44,0;1343,0;11174,0;5364,0
2021-11-30 13:30:00;6,0;36,0;4114,0;11247,0;6126,0
2021-11-30 10:30:00;4,3;41,0;2768,0;11202,0;7778,0
2021-11-28 09:30:00;4,6;31,0;950,0;8922,0;2709,0
2021-11-27 09:00:00;4,9;32,0;322,0;8033,0;3059,0
2021-11-26 10:00:00;5,3;13,0;1090,0;5835,0;9264,0
2021-11-25 13:30:00;6,5;16,0;1858,0;2637,0;9878,0
2021-11-24 15:00:00;7,1;41,0;1691,0;1333,0;7070,0
2021-11-23 15:00:00;8,0;69,0;3111,0;6968,0;5971,0
2021-11-22 12:30:00;7,7;39,0;3343,0;10453,0;4317,0
2021-11-22 11:00:00;7,2;40,0;2785,0;10210,0;4203,0
2021-11-21 16:00:00;8,0;12,0;604,0;3158,0;2640,0
2021-11-21 09:30:00;7,0;16,0;750,0;1291,0;2674,0
2021-11-20 15:30:00;8,6;35,0;1974,0;123,0;3321,0
2021-11-20 09:00:00;7,4;44,0;944,0;775,0;3453,0
2021-11-18 14:00:00;10,0;53,0;4426,0;1024,0;4792,0
2021-11-18 10:30:00;8,4;46,0;3197,0;1243,0;7029,0
2021-11-17 11:00:00;8,8;18,0;1892,0;1599,0;7814,0
2021-11-16 14:00:00;9,1;18,0;2032,0;743,0;8793,0
2021-11-16 12:00:00;8,8;20,0;2239,0;674,0;11055,0
2021-11-16 11:00:00;8,6;24,0;1911,0;695,0;11053,0
2021-11-14 16:30:00;10,4;20,0;453,0;3560,0;3161,0
2021-11-14 08:30:00;9,4;22,0;230,0;2558,0;2064,0
2021-11-13 16:00:00;10,5;14,0;716,0;2816,0;3456,0
2021-11-12 17:00:00;10,2;47,0;308,0;3677,0;2658,0
2021-11-12 09:00:00;7,0;43,0;892,0;2789,0;6052,0
2021-11-11 14:30:00;9,9;54,0;4186,0;288,0;4243,0
2021-11-11 11:00:00;8,0;52,0;3984,0;638,0;4707,0
2021-11-09 17:00:00;9,7;67,0;463,0;1038,0;5991,0
2021-11-08 15:00:00;10,5;51,0;3721,0;1835,0;6269,0
2021-11-08 11:30:00;9,4;56,0;5322,0;1442,0;6086,0
2021-11-07 12:00:00;9,6;32,0;4011,0;5123,0;3707,0
2021-11-06 15:30:00;10,1;50,0;3692,0;3145,0;3391,0
2021-11-06 12:00:00;9,0;51,0;6051,0;2062,0;3676,0
2021-11-06 08:30:00;7,1;62,0;782,0;2600,0;3976,0
2021-11-05 13:30:00;10,3;41,0;4778,0;1512,0;6829,0
2021-11-05 10:00:00;8,8;54,0;3072,0;1850,0;8070,0
2021-11-04 14:00:00;10,5;39,0;4208,0;2781,0;4846,0
2021-11-02 14:30:00;12,2;29,0;3535,0;2673,0;5678,0
2021-11-02 08:30:00;11,2;43,0;689,0;4079,0;6167,0
2021-11-01 15:00:00;12,9;36,0;3864,0;7899,0;4348,0
2021-11-01 11:00:00;12,5;34,0;3951,0;8451,0;4102,0
2021-11-01 10:00:00;12,3;34,0;2560,0;7931,0;4382,0
2021-10-31 14:00:00;14,8;31,0;2968,0;12621,0;2242,0
2021-10-31 11:30:00;14,0;28,0;3905,0;11968,0;3002,0
2021-10-31 09:30:00;13,0;26,0;1774,0;11083,0;3084,0
2021-10-28 13:00:00;13,1;85,0;6570,0;4384,0;2881,0
2021-10-27 18:30:00;13,1;92,0;277,0;1507,0;3700,0
2021-10-27 16:30:00;14,2;86,0;4347,0;1545,0;2264,0
2021-10-27 13:30:00;13,0;77,0;6705,0;1543,0;2790,0
2021-10-26 17:30:00;13,8;52,0;1923,0;2716,0;2738,0
2021-10-26 11:30:00;12,1;43,0;3516,0;2456,0;4234,0
2021-10-26 10:30:00;11,5;46,0;2279,0;2295,0;6179,0
2021-10-25 13:30:00;13,0;48,0;5135,0;1652,0;3173,0
2021-10-25 09:00:00;10,3;61,0;428,0;2466,0;6363,0
2021-10-24 15:30:00;13,9;82,0;6102,0;2494,0;1712,0
2021-10-23 14:30:00;13,5;78,0;7017,0;882,0;2430,0
2021-10-23 12:30:00;12,5;81,0;6963,0;899,0;2813,0
2021-10-22 12:00:00;12,8;71,0;5173,0;2965,0;5258,0
2021-10-21 18:00:00;14,0;55,0;919,0;6601,0;3385,0
2021-10-18 09:00:00;10,9;49,0;675,0;2636,0;7839,0
2021-10-17 15:30:00;14,4;61,0;5737,0;1027,0;1839,0
2021-10-17 10:00:00;10,6;60,0;2767,0;1906,0;3591,0
2021-10-16 14:00:00;13,8;91,0;7184,0;298,0;2156,0
2021-10-16 10:30:00;11,1;76,0;3953,0;785,0;4714,0
2021-10-15 17:30:00;14,4;65,0;2497,0;898,0;2875,0
2021-10-13 16:00:00;14,0;65,0;5474,0;1845,0;2670,0
2021-10-13 08:30:00;11,3;68,0;191,0;2186,0;6512,0
2021-10-12 13:30:00;13,8;71,0;7016,0;2317,0;2930,0
2021-10-11 12:30:00;13,7;71,0;6791,0;1749,0;2545,0
2021-10-11 09:30:00;12,1;71,0;1920,0;2209,0;6873,0
2021-10-10 10:00:00;12,3;52,0;2642,0;993,0;2677,0
2021-10-08 17:00:00;16,2;79,0;4361,0;4251,0;4383,0
2021-10-08 09:00:00;12,4;84,0;1138,0;3530,0;9173,0
2021-10-06 15:00:00;15,4;43,0;6120,0;8961,0;5474,0
2021-10-06 12:00:00;14,4;60,0;5967,0;8439,0;6403,0
2021-10-06 09:30:00;13,2;69,0;1988,0;7788,0;8096,0
2021-10-05 09:00:00;13,9;38,0;631,0;9722,0;8291,0
2021-10-04 09:00:00;14,2;51,0;596,0;5329,0;8344,0
2021-10-01 18:30:00;16,3;28,0;717,0;4968,0;5649,0
2021-09-30 18:30:00;16,3;81,0;1557,0;2728,0;5844,0
2021-09-29 19:00:00;16,3;75,0;505,0;4671,0;5378,0
2021-09-29 17:30:00;17,1;63,0;3326,0;7361,0;2657,0
2021-09-28 11:00:00;16,2;39,0;4374,0;1015,0;5970,0
2021-09-27 13:00:00;17,9;28,0;4933,0;8336,0;3217,0
2021-09-26 19:00:00;18,5;63,0;598,0;2662,0;6650,0
2021-09-25 15:30:00;19,7;35,0;4833,0;1096,0;2625,0
2021-09-24 18:30:00;19,1;81,0;1567,0;825,0;4481,0
2021-09-24 16:30:00;19,8;80,0;5331,0;925,0;3697,0
2021-09-24 13:30:00;18,6;77,0;7401,0;803,0;3629,0
2021-09-24 08:30:00;15,4;85,0;582,0;707,0;6817,0
2021-09-23 19:30:00;18,1;91,0;191,0;1148,0;6584,0
2021-09-23 17:00:00;19,8;88,0;5078,0;1382,0;3339,0
2021-09-23 14:00:00;18,8;92,0;8072,0;1227,0;3954,0
2021-09-23 10:00:00;15,5;95,0;4067,0;652,0;4380,0
2021-09-22 14:00:00;18,4;93,0;8257,0;864,0;4653,0
2021-09-22 10:30:00;15,7;84,0;4765,0;643,0;6825,0
2021-09-21 17:30:00;18,4;55,0;3442,0;1731,0;4599,0
2021-09-21 13:30:00;17,7;50,0;6296,0;1703,0;4820,0
2021-09-20 16:30:00;18,5;34,0;4460,0;2291,0;4596,0
2021-09-20 08:30:00;16,5;33,0;372,0;1523,0;7172,0
2021-09-19 17:30:00;19,0;29,0;2568,0;2521,0;4005,0
2021-09-19 09:30:00;17,3;37,0;1829,0;2839,0;3643,0
2021-09-18 18:00:00;19,8;34,0;1753,0;1260,0;5123,0
2021-09-18 09:30:00;17,9;51,0;2077,0;1227,0;5859,0
2021-09-17 19:00:00;20,1;63,0;997,0;646,0;7477,0
2021-09-15 16:00:00;21,1;20,0;3748,0;1480,0;5442,0
2021-09-15 13:30:00;20,9;15,0;4512,0;1326,0;6397,0
2021-09-14 18:00:00;22,1;18,0;1573,0;1943,0;7227,0
2021-09-13 17:30:00;22,8;35,0;3066,0;1101,0;6040,0
2021-09-12 17:00:00;22,2;74,0;5426,0;189,0;2724,0
2021-09-12 11:30:00;20,0;77,0;6984,0;183,0;2606,0
2021-09-11 13:30:00;21,1;53,0;7294,0;1166,0;3327,0
2021-09-11 08:00:00;19,2;67,0;203,0;1290,0;4699,0
2021-09-10 17:00:00;21,6;31,0;3965,0;2381,0;4979,0
2021-09-10 15:00:00;21,6;21,0;5150,0;2048,0;4266,0
2021-09-09 09:30:00;21,5;25,0;1585,0;1861,0;6136,0
2021-09-08 16:30:00;24,3;55,0;4760,0;3089,0;3815,0
2021-09-08 11:00:00;22,2;68,0;4749,0;3104,0;4157,0
2021-09-07 18:00:00;24,6;62,0;3130,0;3729,0;4511,0
2021-09-07 08:30:00;20,9;73,0;919,0;3345,0;5594,0
2021-09-06 19:30:00;23,4;85,0;700,0;1385,0;7715,0
2021-09-05 11:00:00;20,5;88,0;6332,0;91,0;2723,0
2021-09-04 08:00:00;19,0;51,0;291,0;682,0;4432,0
2021-09-03 12:00:00;20,0;40,0;4834,0;483,0;4368,0
2021-09-02 13:30:00;20,6;62,0;5575,0;4342,0;4658,0
2021-09-02 08:30:00;17,6;81,0;1041,0;5349,0;6764,0
2021-08-31 20:00:00;19,6;92,0;330,0;4467,0;8382,0
2021-08-31 13:00:00;19,4;49,0;7192,0;3468,0;4662,0
2021-08-30 20:00:00;19,1;81,0;332,0;4865,0;8088,0
2021-08-29 09:30:00;17,3;70,0;3007,0;2218,0;3445,0
2021-08-28 17:30:00;20,2;58,0;4853,0;5308,0;3789,0
2021-08-28 12:30:00;19,0;69,0;7455,0;3374,0;4335,0
2021-08-27 18:30:00;20,2;65,0;3110,0;4094,0;5890,0
2021-08-27 13:30:00;20,0;52,0;7410,0;2899,0;5206,0
2021-08-25 20:30:00;20,5;89,0;117,0;3535,0;6831,0
2021-08-25 08:30:00;18,3;85,0;1297,0;3632,0;6476,0
2021-08-24 10:30:00;19,2;54,0;4387,0;4137,0;5047,0
2021-08-23 07:30:00;19,1;67,0;131,0;2612,0;5207,0
2021-08-22 17:00:00;21,7;43,0;4497,0;5430,0;3395,0
2021-08-22 11:30:00;20,1;36,0;4873,0;4265,0;4151,0
2021-08-22 09:00:00;19,5;45,0;1463,0;3521,0;3775,0
2021-08-21 19:00:00;21,9;53,0;1691,0;2488,0;6469,0
2021-08-21 09:30:00;19,1;56,0;3024,0;1093,0;4628,0
2021-08-20 15:30:00;21,9;69,0;7382,0;647,0;4903,0
2021-08-20 14:00:00;21,4;64,0;7746,0;685,0;5318,0
2021-08-19 14:30:00;20,2;32,0;5506,0;1988,0;4985,0
2021-08-18 12:00:00;19,5;22,0;4619,0;2044,0;5945,0
2021-08-18 10:30:00;19,1;23,0;3393,0;2007,0;6164,0
2021-08-17 14:30:00;20,5;24,0;5735,0;4111,0;6172,0
2021-08-17 10:30:00;19,8;37,0;4438,0;1794,0;5631,0
2021-08-16 18:30:00;21,1;39,0;2501,0;6228,0;5900,0
2021-08-15 18:00:00;24,2;50,0;2989,0;6349,0;4626,0
2021-08-15 14:30:00;24,6;44,0;6271,0;2495,0;4392,0
2021-08-15 10:30:00;22,8;66,0;4395,0;953,0;5168,0
2021-08-14 14:00:00;24,9;96,0;8055,0;496,0;5369,0
2021-08-14 09:30:00;21,8;96,0;3518,0;674,0;6619,0
2021-08-13 17:30:00;24,5;83,0;5287,0;1160,0;5930,0
2021-08-13 10:30:00;21,5;56,0;4286,0;664,0;7099,0
2021-08-12 15:00:00;23,9;66,0;6691,0;513,0;5996,0
2021-08-11 17:00:00;23,5;79,0;6130,0;502,0;6493,0
2021-08-11 13:30:00;22,2;86,0;8124,0;658,0;6281,0
2021-08-10 19:30:00;21,6;67,0;1551,0;1014,0;8973,0
2021-08-10 14:30:00;21,5;60,0;7691,0;1293,0;6429,0
2021-08-08 09:30:00;17,5;54,0;2918,0;4862,0;5477,0
2021-08-07 16:30:00;19,5;24,0;4420,0;8283,0;5614,0
2021-08-06 20:00:00;19,8;36,0;720,0;3969,0;9738,0
2021-08-06 16:30:00;20,6;33,0;5028,0;7519,0;5263,0
2021-08-06 14:30:00;20,1;32,0;6030,0;8550,0;5162,0
2021-08-05 12:30:00;19,2;27,0;5843,0;2900,0;7768,0
2021-08-05 10:30:00;18,2;27,0;4003,0;1965,0;7572,0
2021-08-05 08:00:00;17,4;15,0;626,0;1700,0;7323,0
2021-08-04 15:30:00;18,8;13,0;3993,0;1271,0;6934,0
2021-08-03 20:30:00;18,4;15,0;229,0;1114,0;8509,0
2021-08-03 11:00:00;18,4;20,0;3883,0;1115,0;6511,0
2021-08-02 17:00:00;20,8;39,0;5236,0;1699,0;5837,0
2021-08-01 14:30:00;20,3;27,0;6092,0;3139,0;5780,0
2021-07-31 19:30:00;19,9;24,0;903,0;3005,0;7141,0
2021-07-31 10:30:00;19,3;27,0;3264,0;2737,0;5277,0
2021-07-30 19:30:00;21,0;48,0;1431,0;9675,0;6125,0
2021-07-30 14:30:00;21,5;31,0;5492,0;9632,0;5355,0
2021-07-30 11:30:00;20,4;36,0;4505,0;6286,0;5780,0
2021-07-29 21:00:00;20,9;72,0;130,0;1037,0;8421,0
2021-07-29 19:00:00;22,1;65,0;2464,0;1929,0;7188,0
2021-07-29 09:00:00;19,1;70,0;2524,0;2681,0;6597,0
2021-07-28 12:30:00;20,8;27,0;5489,0;5442,0;6978,0
2021-07-28 10:00:00;19,7;27,0;2742,0;3861,0;8040,0
2021-07-28 07:30:00;19,4;29,0;220,0;3305,0;6758,0
2021-07-27 19:30:00;21,1;40,0;1313,0;3435,0;8956,0
2021-07-27 08:30:00;20,2;32,0;1353,0;1132,0;8220,0
2021-07-26 15:00:00;22,6;34,0;6330,0;3215,0;6396,0
2021-07-26 08:00:00;20,5;38,0;769,0;1508,0;7309,0
2021-07-25 18:30:00;22,6;36,0;2745,0;3428,0;6640,0
2021-07-23 15:00:00;25,1;42,0;6246,0;3794,0;6740,0
2021-07-23 11:30:00;23,8;52,0;5539,0;2689,0;7767,0
2021-07-22 17:30:00;25,6;94,0;5616,0;1678,0;7672,0
2021-07-22 13:00:00;24,6;94,0;8024,0;1639,0;6948,0
2021-07-21 16:00:00;25,1;92,0;7218,0;1391,0;6709,0
2021-07-20 20:30:00;24,0;83,0;532,0;1872,0;9217,0
2021-07-20 16:30:00;25,0;89,0;6808,0;1725,0;6438,0
2021-07-20 12:00:00;23,4;99,0;7623,0;1921,0;6732,0
2021-07-19 15:30:00;24,5;92,0;7906,0;3465,0;7045,0
2021-07-18 09:00:00;19,5;90,0;2931,0;2754,0;7342,0
2021-07-18 08:00:00;19,3;88,0;1072,0;3600,0;7438,0
2021-07-17 15:00:00;20,9;74,0;7479,0;3283,0;6839,0
2021-07-16 13:00:00;19,2;38,0;5690,0;3671,0;8717,0
2021-07-15 18:30:00;20,2;37,0;2868,0;6581,0;8164,0
2021-07-15 14:00:00;19,8;27,0;5410,0;6046,0;8316,0
2021-07-15 11:00:00;18,5;40,0;3956,0;5576,0;8183,0
2021-07-14 21:00:00;18,4;39,0;191,0;6583,0;7759,0
2021-07-14 18:30:00;19,1;31,0;2414,0;6182,0;7227,0
2021-07-14 13:00:00;18,5;16,0;4103,0;5817,0;9129,0
2021-07-12 19:00:00;19,2;12,0;1512,0;3103,0;9676,0
2021-07-12 16:30:00;19,9;13,0;3164,0;2480,0;7335,0
2021-07-11 16:00:00;21,1;54,0;7061,0;308,0;6118,0
2021-07-11 11:00:00;18,8;45,0;5678,0;247,0;6687,0
2021-07-10 16:30:00;20,1;32,0;5089,0;1953,0;6190,0
2021-07-10 10:00:00;18,5;43,0;3928,0;312,0;6249,0
2021-07-09 20:30:00;19,9;61,0;614,0;340,0;8691,0
2021-07-09 17:00:00;20,8;50,0;5842,0;650,0;6906,0
2021-07-09 12:00:00;19,2;39,0;6130,0;642,0;9026,0
2021-07-08 16:30:00;20,1;33,0;5468,0;2270,0;6767,0
2021-07-06 19:30:00;19,6;15,0;1336,0;3789,0;8560,0
2021-07-06 13:00:00;19,6;15,0;4255,0;9271,0;7209,0
2021-07-05 18:30:00;21,2;49,0;3580,0;3917,0;8159,0
2021-07-05 09:00:00;18,7;41,0;2240,0;2684,0;8190,0
2021-07-04 13:30:00;19,6;18,0;4366,0;4164,0;7237,0
2021-07-03 12:00:00;20,0;20,0;4359,0;967,0;7229,0
2021-07-02 08:30:00;18,1;60,0;2122,0;267,0;10175,0
2021-07-01 18:00:00;20,9;49,0;3934,0;1259,0;8928,0
2021-07-01 16:30:00;20,8;47,0;5715,0;1398,0;8018,0
2021-06-30 18:00:00;19,2;42,0;3647,0;2310,0;8126,0
2021-06-29 15:30:00;19,3;29,0;5337,0;1884,0;8062,0
2021-06-29 13:30:00;19,0;31,0;5449,0;1649,0;9348,0
2021-06-28 20:30:00;19,0;34,0;445,0;2068,0;9406,0
2021-06-28 14:30:00;19,9;19,0;4890,0;1111,0;8398,0
2021-06-27 18:00:00;20,5;29,0;2750,0;1600,0;6697,0
2021-06-27 11:30:00;19,1;14,0;3329,0;921,0;6507,0
2021-06-26 12:30:00;19,2;49,0;6818,0;353,0;7685,0
2021-06-25 16:00:00;19,9;37,0;6179,0;1475,0;7725,0
2021-06-25 12:30:00;18,9;39,0;6517,0;1561,0;8676,0
2021-06-24 11:30:00;18,1;42,0;4648,0;1391,0;9646,0
2021-06-24 07:00:00;16,9;45,0;201,0;1875,0;8714,0
2021-06-23 18:00:00;19,5;19,0;2653,0;2621,0;9295,0
2021-06-22 20:00:00;19,2;29,0;820,0;3524,0;10562,0
2021-06-22 16:00:00;19,9;28,0;4698,0;3820,0;8725,0
2021-06-22 13:30:00;19,9;27,0;5305,0;3753,0;9163,0
2021-06-21 10:30:00;20,6;44,0;4687,0;737,0;9419,0
2021-06-20 14:00:00;22,0;22,0;4929,0;1070,0;6250,0
2021-06-20 09:00:00;21,0;24,0;2047,0;1763,0;6964,0
2021-06-19 12:00:00;22,5;27,0;4936,0;982,0;7597,0
2021-06-19 07:00:00;21,6;23,0;231,0;1462,0;7334,0
2021-06-18 20:00:00;23,3;27,0;1015,0;4384,0;11363,0
2021-06-17 20:30:00;22,9;11,0;266,0;1721,0;10918,0
2021-06-17 16:00:00;23,7;12,0;3658,0;1962,0;8199,0
2021-06-16 15:30:00;25,6;58,0;6451,0;997,0;7933,0
2021-06-15 21:00:00;23,9;93,0;249,0;457,0;10762,0
2021-06-15 13:30:00;24,2;92,0;7875,0;232,0;7146,0
2021-06-14 15:30:00;24,7;96,0;7704,0;665,0;8117,0
2021-06-13 20:00:00;23,6;99,0;1180,0;1560,0;9935,0
2021-06-13 16:00:00;23,8;99,0;6408,0;1259,0;6137,0
2021-06-12 07:30:00;20,4;61,0;605,0;1446,0;8334,0
2021-06-11 11:00:00;20,8;79,0;6263,0;518,0;8676,0
2021-06-11 10:00:00;20,2;77,0;4743,0;496,0;9253,0
2021-06-10 20:30:00;21,6;67,0;552,0;1124,0;10904,0
2021-06-10 15:30:00;22,3;62,0;6889,0;618,0;7983,0
2021-06-10 07:30:00;19,3;64,0;718,0;967,0;9735,0
2021-06-09 12:00:00;20,3;79,0;7295,0;566,0;8243,0
2021-06-09 09:00:00;18,5;83,0;3099,0;501,0;9123,0
2021-06-08 14:30:00;20,8;55,0;7005,0;593,0;8899,0
2021-06-07 20:30:00;19,4;54,0;561,0;1249,0;10788,0
2021-06-07 08:30:00;17,2;56,0;1910,0;776,0;10492,0
2021-06-06 19:00:00;19,1;43,0;2354,0;1999,0;8588,0
2021-06-06 15:00:00;19,1;30,0;5649,0;1583,0;7758,0
2021-06-06 09:00:00;17,0;58,0;2854,0;1075,0;8097,0
2021-06-05 16:00:00;18,8;51,0;6061,0;1727,0;8332,0
2021-06-05 09:00:00;17,3;53,0;2523,0;2153,0;9052,0
2021-06-04 07:00:00;18,8;32,0;221,0;1349,0;8845,0
2021-06-03 20:00:00;20,0;38,0;739,0;1140,0;10918,0
2021-06-03 07:00:00;18,9;48,0;255,0;1297,0;8362,0
2021-06-02 19:30:00;19,7;52,0;1597,0;3014,0;10334,0
2021-06-02 15:30:00;20,0;23,0;4868,0;2569,0;7428,0
2021-06-02 08:00:00;18,8;28,0;713,0;2543,0;10228,0
2021-06-01 16:30:00;21,0;50,0;4703,0;3102,0;8006,0
2021-06-01 07:30:00;17,7;65,0;644,0;4839,0;8801,0
2021-05-31 07:30:00;16,8;87,0;631,0;3911,0;9313,0
2021-05-30 15:30:00;18,8;70,0;6068,0;2753,0;5484,0
2021-05-30 10:00:00;16,5;67,0;4717,0;1651,0;7261,0
2021-05-30 08:00:00;16,2;50,0;1298,0;2792,0;7102,0
2021-05-29 13:30:00;17,9;54,0;6711,0;2674,0;7664,0
2021-05-29 07:30:00;15,4;33,0;631,0;2413,0;7983,0
2021-05-28 15:30:00;17,5;61,0;6799,0;935,0;8862,0
2021-05-28 12:00:00;16,0;68,0;7108,0;1325,0;8982,0
2021-05-27 12:00:00;14,5;62,0;6833,0;419,0;9573,0
2021-05-26 20:30:00;13,8;38,0;454,0;3155,0;10604,0
2021-05-26 10:30:00;12,7;43,0;4365,0;6595,0;10201,0
2021-05-26 09:30:00;12,3;41,0;3215,0;6635,0;10256,0
2021-05-26 08:00:00;12,1;37,0;1099,0;7058,0;9982,0
2021-05-25 16:00:00;14,3;39,0;5651,0;10701,0;8348,0
2021-05-25 13:30:00;13,8;35,0;6218,0;10305,0;8870,0
2021-05-25 09:30:00;12,1;50,0;3585,0;8463,0;9858,0
2021-05-24 18:30:00;13,0;35,0;2483,0;11304,0;9384,0
2021-05-24 16:00:00;13,3;27,0;4417,0;10273,0;7848,0
2021-05-24 09:30:00;12,4;24,0;2327,0;6939,0;8983,0
2021-05-23 13:00:00;13,9;33,0;5945,0;6257,0;7705,0
2021-05-23 09:00:00;12,1;44,0;2778,0;3847,0;8439,0
2021-05-22 21:00:00;12,9;41,0;161,0;5762,0;10662,0
2021-05-22 18:30:00;13,7;28,0;2587,0;7847,0;8658,0
2021-05-22 14:00:00;13,9;29,0;5502,0;9994,0;8608,0
2021-05-22 08:30:00;12,5;35,0;1651,0;10484,0;8536,0
2021-05-22 07:30:00;12,6;39,0;538,0;10400,0;8560,0
2021-05-21 19:30:00;13,6;28,0;935,0;11177,0;10419,0
2021-05-21 10:00:00;13,2;28,0;2992,0;10766,0;10122,0
2021-05-21 08:00:00;12,9;38,0;849,0;8811,0;11415,0
2021-05-20 20:30:00;14,5;28,0;436,0;7608,0;12175,0
2021-05-20 12:30:00;13,7;46,0;7247,0;4154,0;8840,0
2021-05-19 13:30:00;13,5;41,0;6342,0;6557,0;9089,0
2021-05-18 11:30:00;13,1;24,0;4418,0;2398,0;9272,0
2021-05-17 16:30:00;14,1;38,0;5276,0;10732,0;8455,0
2021-05-17 08:30:00;12,4;25,0;1617,0;10634,0;9913,0
2021-05-16 19:00:00;13,5;22,0;1459,0;8891,0;8983,0
2021-05-16 14:30:00;14,2;17,0;4220,0;8505,0;7673,0
2021-05-16 07:30:00;12,2;19,0;249,0;3802,0;7967,0
2021-05-15 20:30:00;13,1;23,0;247,0;6263,0;10350,0
2021-05-15 11:30:00;12,7;6,0;2688,0;6853,0;7966,0
2021-05-15 09:30:00;12,0;8,0;1711,0;5271,0;8842,0
2021-05-14 12:30:00;13,1;29,0;5576,0;3938,0;9197,0
2021-05-13 16:00:00;14,2;33,0;4963,0;2390,0;7342,0
2021-05-13 13:30:00;13,7;35,0;5743,0;3200,0;7761,0
2021-05-12 18:30:00;14,0;21,0;2042,0;2909,0;8451,0
2021-05-11 13:30:00;13,9;22,0;5237,0;4201,0;8547,0
2021-05-11 11:30:00;13,7;24,0;3896,0;3035,0;8075,0
2021-05-10 10:30:00;14,8;25,0;3038,0;7472,0;8322,0
2021-05-09 16:30:00;17,8;18,0;3087,0;9324,0;4836,0
2021-05-08 19:30:00;16,4;61,0;1386,0;5710,0;8772,0
2021-05-08 13:30:00;15,1;64,0;7513,0;7767,0;7116,0
2021-05-07 17:00:00;13,8;40,0;4703,0;1747,0;6605,0
2021-05-07 07:30:00;10,5;40,0;291,0;3096,0;9114,0
2021-05-06 10:30:00;10,8;17,0;2623,0;4042,0;7742,0
2021-05-06 07:30:00;10,5;17,0;262,0;2871,0;7053,0
2021-05-05 09:30:00;10,6;49,0;3167,0;6937,0;7372,0
2021-05-04 14:00:00;12,6;25,0;5556,0;11713,0;5163,0
2021-05-04 08:30:00;10,5;27,0;1421,0;12489,0;6283,0
2021-05-03 15:30:00;13,3;75,0;7459,0;5625,0;5507,0
2021-05-03 12:00:00;11,7;85,0;7279,0;2600,0;7270,0
2021-05-02 16:00:00;11,8;37,0;5418,0;1823,0;5488,0
2021-05-01 14:30:00;11,4;15,0;3652,0;2034,0;5346,0
2021-04-30 20:30:00;11,5;34,0;137,0;1066,0;7263,0
2021-04-30 13:30:00;12,1;24,0;4313,0;565,0;6906,0
2021-04-29 18:00:00;12,6;27,0;2108,0;1349,0;5832,0
2021-04-29 15:00:00;12,7;18,0;4013,0;1903,0;6429,0
2021-04-29 10:00:00;11,7;26,0;2092,0;2350,0;7621,0
2021-04-28 17:30:00;13,7;23,0;2607,0;3016,0;3876,0
2021-04-28 14:00:00;14,2;17,0;4192,0;1534,0;4871,0
2021-04-27 17:00:00;15,2;57,0;3687,0;504,0;3671,0
2021-04-27 11:30:00;13,2;66,0;4648,0;619,0;4440,0
2021-04-26 17:30:00;14,4;35,0;2407,0;6504,0;3929,0
2021-04-25 15:00:00;14,9;33,0;4703,0;6466,0;3458,0
2021-04-25 12:30:00;14,1;50,0;5582,0;7346,0;3138,0
2021-04-24 20:00:00;15,3;66,0;481,0;5605,0;4801,0
2021-04-24 08:00:00;12,1;85,0;780,0;6296,0;3627,0
2021-04-23 14:30:00;14,8;98,0;8157,0;4043,0;2724,0
2021-04-23 08:30:00;11,1;100,0;1652,0;3585,0;7221,0
2021-04-21 08:30:00;10,1;61,0;1056,0;1485,0;6022,0
2021-04-20 15:00:00;12,7;42,0;5798,0;540,0;3204,0
2021-04-19 15:00:00;11,6;67,0;6928,0;658,0;3737,0
2021-04-19 10:00:00;8,3;88,0;4411,0;510,0;7487,0
2021-04-18 15:00:00;10,3;57,0;5854,0;1869,0;2337,0
2021-04-18 13:30:00;9,9;61,0;6549,0;1938,0;3698,0
2021-04-18 10:30:00;7,9;81,0;5142,0;1671,0;3527,0
2021-04-17 17:30:00;10,0;39,0;3231,0;5666,0;2909,0
2021-04-16 18:30:00;8,8;44,0;2210,0;6124,0;3967,0
2021-04-16 16:00:00;9,0;46,0;5237,0;6033,0;3840,0
2021-04-16 13:30:00;8,6;60,0;6621,0;5571,0;4657,0
2021-04-16 10:00:00;6,7;91,0;4490,0;2138,0;8178,0
2021-04-14 19:30:00;9,1;85,0;1082,0;5389,0;7893,0
2021-04-14 14:00:00;9,5;81,0;7584,0;4610,0;4894,0
2021-04-14 09:30:00;6,8;91,0;3493,0;1857,0;9158,0
2021-04-13 15:30:00;9,7;67,0;7008,0;2371,0;5142,0
2021-04-13 12:00:00;8,3;78,0;7060,0;2643,0;7050,0
2021-04-12 18:30:00;9,2;63,0;2789,0;2458,0;5797,0
2021-04-12 13:00:00;8,7;52,0;6439,0;2684,0;8297,0
2021-04-11 16:30:00;9,3;11,0;2468,0;6402,0;3420,0
2021-04-10 16:00:00;11,0;7,0;2786,0;4952,0;4065,0
2021-04-10 13:00:00;10,3;10,0;3306,0;4945,0;6918,0
2021-04-09 11:00:00;8,8;46,0;4075,0;3062,0;8137,0
2021-04-08 19:30:00;10,1;69,0;879,0;972,0;7787,0
2021-04-08 12:00:00;8,3;87,0;7114,0;586,0;6736,0
2021-04-07 17:30:00;9,0;80,0;5052,0;6101,0;4909,0
2021-04-07 10:30:00;6,4;79,0;5063,0;4319,0;8601,0
2021-04-06 18:30:00;8,3;57,0;2681,0;8052,0;5619,0
2021-04-05 19:30:00;10,2;35,0;697,0;7054,0;6280,0
2021-04-05 18:00:00;10,9;38,0;2999,0;8621,0;3608,0
2021-04-04 19:30:00;12,0;97,0;856,0;1678,0;5910,0
2021-04-04 09:00:00;9,8;91,0;1792,0;2868,0;6884,0
2021-04-03 16:30:00;12,6;84,0;6304,0;9494,0;4514,0
2021-04-03 15:00:00;12,4;80,0;7623,0;9436,0;3940,0
2021-04-03 10:30:00;11,5;52,0;4201,0;9915,0;5006,0
2021-04-02 09:30:00;13,5;85,0;2509,0;6441,0;6929,0
2021-04-01 19:00:00;16,6;78,0;1397,0;4856,0;7939,0
2021-04-01 09:30:00;13,8;89,0;2567,0;1403,0;8705,0
2021-03-30 12:00:00;13,6;97,0;6057,0;972,0;5177,0
2021-03-30 08:30:00;11,1;97,0;528,0;2973,0;10137,0
2021-03-29 10:30:00;10,3;99,0;4183,0;1877,0;7790,0
2021-03-27 15:00:00;10,5;51,0;5401,0;7588,0;3888,0
2021-03-27 12:30:00;9,9;49,0;6076,0;8070,0;5891,0
2021-03-26 18:00:00;10,6;24,0;679,0;8709,0;7008,0
2021-03-26 12:30:00;10,6;28,0;5231,0;7962,0;5356,0
2021-03-25 18:30:00;10,4;79,0;391,0;1311,0;9789,0
2021-03-25 16:30:00;11,1;55,0;3404,0;2007,0;6061,0
2021-03-25 12:00:00;9,7;44,0;5248,0;1645,0;6313,0
2021-03-25 08:30:00;7,9;48,0;1394,0;1672,0;9525,0
2021-03-24 15:30:00;11,7;80,0;5577,0;1600,0;4439,0
2021-03-24 13:30:00;11,0;86,0;6945,0;1205,0;4699,0
2021-03-21 11:00:00;6,6;43,0;5004,0;4415,0;5022,0
2021-03-20 09:00:00;5,4;90,0;2820,0;3312,0;7235,0
2021-03-19 14:30:00;7,6;44,0;4123,0;11331,0;6557,0
2021-03-17 15:00:00;9,0;26,0;4535,0;8581,0;6902,0
2021-03-17 08:00:00;7,9;42,0;533,0;8151,0;10878,0
2021-03-16 18:30:00;9,1;42,0;240,0;5205,0;10695,0
2021-03-15 18:00:00;8,9;41,0;563,0;7946,0;9066,0
2021-03-15 13:00:00;9,3;17,0;4069,0;8991,0;8377,0
2021-03-15 09:00:00;8,1;24,0;1351,0;8848,0;11293,0
2021-03-14 11:00:00;8,2;48,0;4630,0;9882,0;4736,0
2021-03-13 16:30:00;9,1;33,0;2530,0;13964,0;4792,0
2021-03-13 14:30:00;9,3;29,0;4355,0;14637,0;4440,0
2021-03-12 13:30:00;9,5;22,0;4999,0;13650,0;4884,0
2021-03-11 17:30:00;9,6;33,0;893,0;13709,0;4989,0
2021-03-11 08:30:00;8,0;24,0;654,0;14151,0;8647,0
2021-03-10 11:30:00;7,3;48,0;5587,0;6888,0;8814,0
2021-03-09 15:00:00;8,6;76,0;5221,0;2239,0;7844,0
2021-03-08 18:00:00;7,7;72,0;634,0;1592,0;12656,0
2021-03-07 11:30:00;7,4;49,0;3901,0;871,0;6088,0
2021-03-07 09:00:00;6,0;50,0;1284,0;1409,0;6710,0
2021-03-06 18:30:00;8,1;74,0;146,0;3596,0;10218,0
2021-03-06 14:00:00;8,6;66,0;4827,0;4827,0;4965,0
2021-03-05 12:00:00;8,5;25,0;4731,0;6152,0;9895,0
2021-03-04 15:00:00;10,7;31,0;4029,0;1696,0;8935,0
2021-03-03 13:30:00;11,6;25,0;4308,0;700,0;10351,0
2021-03-01 18:00:00;10,9;93,0;516,0;2654,0;12967,0
2021-02-28 12:30:00;9,6;85,0;5807,0;4959,0;6104,0
2021-02-28 09:30:00;7,8;86,0;2597,0;5661,0;7221,0
2021-02-27 15:00:00;10,6;85,0;5190,0;8182,0;5683,0
2021-02-27 11:30:00;9,4;80,0;5316,0;6204,0;7260,0
2021-02-27 09:00:00;8,8;76,0;1568,0;5520,0;9784,0
2021-02-26 11:00:00;10,4;64,0;3475,0;2177,0;9033,0
2021-02-25 10:00:00;11,2;50,0;2776,0;2743,0;8917,0
2021-02-24 12:30:00;13,4;94,0;5963,0;5124,0;6541,0
2021-02-23 12:30:00;12,5;72,0;5080,0;8895,0;6679,0
2021-02-21 15:00:00;12,2;40,0;3123,0;6276,0;5663,0
2021-02-21 10:30:00;10,4;46,0;3052,0;7301,0;7121,0
2021-02-20 09:00:00;9,1;45,0;1096,0;11687,0;7934,0
2021-02-19 14:00:00;9,8;41,0;4391,0;6026,0;8181,0
2021-02-16 17:30:00;7,7;33,0;445,0;8890,0;10316,0
2021-02-16 09:00:00;4,7;30,0;689,0;10037,0;13394,0
2021-02-15 08:30:00;2,2;38,0;280,0;10257,0;12954,0
2021-02-14 13:00:00;2,8;44,0;4401,0;7827,0;10445,0
2021-02-13 17:00:00;2,4;39,0;1139,0;6589,0;11565,0
2021-02-13 11:00:00;0,9;32,0;2673,0;8314,0;11827,0
2021-02-12 10:00:00;1,6;7,0;727,0;8547,0;15950,0
2021-02-11 11:00:00;2,3;46,0;3179,0;5785,0;15720,0
2021-02-10 17:00:00;4,1;53,0;978,0;5665,0;13045,0
2021-02-08 15:30:00;5,8;7,0;1217,0;1196,0;11506,0
2021-02-07 12:00:00;7,2;20,0;2263,0;4773,0;10375,0
2021-02-04 17:00:00;10,1;23,0;509,0;2549,0;11588,0
2021-02-04 15:00:00;10,2;21,0;1837,0;2059,0;10804,0
2021-02-03 10:30:00;10,4;19,0;1443,0;11141,0;11766,0
2021-02-02 16:30:00;11,1;28,0;966,0;8946,0;9195,0
2021-02-01 14:30:00;9,3;10,0;1745,0;6522,0;11499,0
2021-01-31 13:30:00;8,7;23,0;2603,0;3191,0;8933,0
2021-01-30 13:00:00;9,0;6,0;1564,0;8141,0;11612,0
2021-01-28 09:30:00;7,1;15,0;380,0;13790,0;12043,0
2021-01-27 16:30:00;6,8;15,0;549,0;3696,0;12170,0
2021-01-27 12:00:00;5,6;16,0;1946,0;4019,0;15303,0
2021-01-26 16:30:00;4,9;13,0;814,0;3307,0;12377,0
2021-01-24 13:30:00;5,4;40,0;3367,0;6866,0;8296,0
2021-01-23 13:00:00;6,6;15,0;1869,0;6279,0;10389,0
2021-01-23 11:30:00;6,2;18,0;1723,0;6567,0;10019,0
2021-01-22 15:00:00;7,1;22,0;1459,0;3173,0;9278,0
2021-01-21 17:00:00;7,9;8,0;249,0;11480,0;9503,0
2021-01-21 15:30:00;7,8;3,0;774,0;11514,0;8611,0
2021-01-21 14:00:00;7,8;3,0;1201,0;11859,0;8472,0
2021-01-21 12:30:00;7,7;4,0;1621,0;11164,0;9258,0
2021-01-20 16:30:00;8,1;10,0;595,0;14182,0;7034,0
2021-01-20 10:00:00;5,7;14,0;802,0;12561,0;10586,0
2021-01-19 16:30:00;6,4;63,0;1408,0;7920,0;9536,0
2021-01-19 11:30:00;4,7;51,0;3654,0;10159,0;11416,0
2021-01-18 09:00:00;3,7;56,0;256,0;3002,0;16549,0
2021-01-17 17:30:00;5,1;57,0;104,0;3366,0;8253,0
2021-01-17 15:30:00;5,6;44,0;2258,0;4510,0;5984,0
2021-01-17 13:30:00;5,6;45,0;3285,0;5630,0;6247,0
2021-01-16 11:00:00;2,9;28,0;2093,0;4514,0;9704,0
2021-01-15 09:30:00;5,0;34,0;463,0;5822,0;17324,0
2021-01-14 15:30:00;6,5;27,0;1290,0;10506,0;10951,0
2021-01-14 09:00:00;5,6;43,0;172,0;7366,0;11856,0
2021-01-13 14:00:00;5,9;19,0;2061,0;6644,0;12119,0
2021-01-11 17:00:00;2,4;51,0;331,0;5567,0;10971,0
2021-01-10 14:30:00;2,2;60,0;2969,0;3307,0;4260,0
2021-01-09 11:30:00;1,3;45,0;2058,0;3325,0;9891,0
2021-01-08 14:30:00;2,8;53,0;3020,0;590,0;14212,0
2021-01-07 14:30:00;2,9;39,0;2371,0;786,0;12044,0
2021-01-07 12:00:00;2,3;44,0;2861,0;495,0;13513,0
2021-01-05 16:30:00;2,9;15,0;250,0;2133,0;11068,0
2021-01-03 11:00:00;2,9;27,0;1506,0;1478,0;5786,0
2021-01-02 10:00:00;2,4;34,0;452,0;1710,0;7067,0
2021-01-01 10:00:00;3,2;39,0;670,0;1077,0;5292,0
2021-12-31 17:00:00;11,5;76,0;281,0;3297,0;8238,0
2021-12-31 11:00:00;10,4;69,0;3651,0;4599,0;9937,0
2021-12-30 12:00:00;11,9;35,0;3542,0;7089,0;8229,0
2021-12-29 15:00:00;11,4;16,0;1217,0;12993,0;8492,0
2021-12-27 12:30:00;8,8;17,0;1887,0;8941,0;8551,0
2021-12-25 16:00:00;8,1;25,0;808,0;592,0;3586,0
2021-12-25 12:00:00;7,5;17,0;2600,0;682,0;4209,0
2021-12-24 15:30:00;7,5;18,0;918,0;2174,0;3751,0
2021-12-24 10:30:00;6,1;19,0;1108,0;3109,0;6424,0
2021-12-23 14:30:00;6,4;39,0;2824,0;5506,0;4666,0
2021-12-22 13:00:00;3,3;38,0;4097,0;2194,0;10267,0
2021-12-21 12:00:00;3,9;70,0;4428,0;1026,0;10221,0
2021-12-20 12:30:00;4,8;33,0;3512,0;2877,0;10033,0
2021-12-20 11:00:00;4,3;31,0;2545,0;2944,0;9520,0
2021-12-20 09:00:00;4,0;33,0;249,0;3342,0;8253,0
2021-12-19 09:30:00;4,6;61,0;855,0;2546,0;3851,0
2021-12-18 13:00:00;6,7;84,0;5425,0;3444,0;4639,0
2021-12-18 10:30:00;5,1;82,0;3012,0;4912,0;5010,0
2021-12-17 16:30:00;7,1;73,0;720,0;6998,0;6711,0
2021-12-17 09:30:00;5,5;77,0;1053,0;6670,0;9609,0
2021-12-16 09:30:00;5,7;43,0;826,0;2816,0;11998,0
2021-12-14 10:00:00;5,6;54,0;1787,0;597,0;12513,0
2021-12-13 16:00:00;7,5;66,0;1507,0;676,0;8263,0
2021-12-13 10:00:00;6,3;41,0;1597,0;1922,0;10232,0
2021-12-10 11:30:00;5,9;23,0;1405,0;14368,0;9418,0
2021-12-09 15:30:00;6,3;38,0;1233,0;4664,0;10875,0
2021-12-08 16:30:00;6,0;40,0;332,0;4220,0;7512,0
2021-12-07 15:00:00;6,8;9,0;724,0;11466,0;7535,0
2021-12-05 15:30:00;6,1;39,0;1490,0;6858,0;4983,0
2021-12-04 14:30:00;7,3;26,0;1773,0;12974,0;4434,0
2021-12-04 11:30:00;7,2;16,0;1487,0;10984,0;5053,0
2021-12-02 15:00:00;5,9;36,0;2544,0;7849,0;5563,0
2021-12-01 16:30:00;7,2;36,0;323,0;8967,0;6093,0
2021-12-01 08:30:00;5,6;47,0;105,0;13385,0;6197,0
2021-11-30 13:00:00;5,9;34,0;4254,0;11248,0;6588,0
2021-11-30 09:00:00;3,7;52,0;610,0;11007,0;9453,0
2021-11-29 09:30:00;3,7;46,0;1021,0;2699,0;12551,0
2021-11-28 16:30:00;5,2;34,0;311,0;7142,0;3043,0
2021-11-27 13:30:00;5,7;23,0;2506,0;8484,0;4497,0
2021-11-25 11:00:00;5,8;12,0;1472,0;2043,0;9241,0
2021-11-24 14:00:00;7,1;39,0;2466,0;1536,0;7277,0
2021-11-23 08:30:00;6,0;64,0;190,0;8416,0;7424,0
2021-11-22 11:30:00;7,4;40,0;3075,0;10407,0;3927,0
2021-11-20 14:00:00;8,5;35,0;3728,0;185,0;4900,0
2021-11-19 10:00:00;7,7;50,0;2817,0;941,0;8708,0
2021-11-18 12:00:00;9,3;49,0;4794,0;1005,0;5484,0
2021-11-16 16:00:00;9,0;21,0;694,0;853,0;10063,0
2021-11-16 09:30:00;8,5;28,0;897,0;742,0;10799,0
2021-11-15 15:00:00;9,2;11,0;1015,0;2942,0;9250,0
2021-11-15 10:30:00;8,9;11,0;1312,0;3278,0;9535,0
2021-11-15 08:30:00;9,1;15,0;114,0;3572,0;7990,0
2021-11-14 16:00:00;10,5;19,0;876,0;3570,0;2694,0
2021-11-14 10:00:00;9,6;14,0;1427,0;2405,0;2534,0
2021-11-12 15:30:00;10,4;42,0;2543,0;2469,0;2471,0
2021-11-11 17:00:00;9,6;60,0;385,0;269,0;6000,0
2021-11-11 09:30:00;7,1;51,0;2071,0;940,0;6638,0
2021-11-09 14:30:00;10,0;68,0;5053,0;1148,0;3788,0
2021-11-08 13:30:00;10,4;53,0;5349,0;1676,0;6425,0
2021-11-07 17:00:00;10,3;47,0;283,0;3376,0;3130,0
2021-11-07 09:30:00;8,1;33,0;1714,0;5039,0;2972,0
2021-11-06 10:00:00;7,7;56,0;3711,0;2124,0;4381,0
2021-11-05 15:30:00;10,4;43,0;2781,0;1568,0;6198,0
2021-11-04 13:00:00;10,5;34,0;4682,0;2724,0;5644,0
2021-11-04 08:30:00;8,9;54,0;679,0;3069,0;7574,0
2021-11-03 11:30:00;10,6;33,0;3477,0;2634,0;6604,0
2021-11-02 11:30:00;11,8;33,0;4143,0;3630,0;5026,0
2021-10-31 12:30:00;14,5;30,0;4099,0;12350,0;2654,0
2021-10-31 09:00:00;12,9;28,0;1098,0;10989,0;2937,0
2021-10-30 16:30:00;13,7;17,0;1442,0;5215,0;3089,0
2021-10-29 15:30:00;14,0;29,0;2420,0;9271,0;2031,0
2021-10-28 18:00:00;14,3;84,0;860,0;6659,0;3903,0
2021-10-27 15:00:00;13,7;83,0;6269,0;1701,0;2296,0
2021-10-25 17:30:00;13,8;47,0;1343,0;2246,0;3697,0
2021-10-24 14:30:00;13,5;85,0;6971,0;2514,0;1744,0
2021-10-23 10:00:00;11,3;84,0;2910,0;1248,0;4403,0
2021-10-22 17:30:00;13,4;58,0;1944,0;3595,0;4060,0
2021-10-21 15:30:00;14,7;35,0;4005,0;9718,0;3085,0
2021-10-20 16:00:00;16,3;20,0;2376,0;12427,0;2655,0
2021-10-20 14:30:00;16,4;19,0;3427,0;12601,0;3526,0
2021-10-17 13:30:00;13,5;63,0;6796,0;971,0;3015,0
2021-10-17 09:00:00;10,3;61,0;779,0;1955,0;3622,0
2021-10-15 15:00:00;14,2;60,0;6150,0;426,0;2339,0
2021-10-15 13:30:00;13,5;59,0;6827,0;256,0;2597,0
2021-10-14 16:30:00;14,5;97,0;5412,0;790,0;2284,0
2021-10-13 18:00:00;13,5;76,0;1765,0;1889,0;5075,0
2021-10-13 13:00:00;13,3;66,0;6952,0;1380,0;2942,0
2021-10-12 16:30:00;14,4;58,0;4692,0;3579,0;2493,0
2021-10-12 12:30:00;13,1;71,0;6573,0;1872,0;3339,0
2021-10-12 11:00:00;12,2;71,0;4764,0;1352,0;3983,0
2021-10-11 14:30:00;14,7;72,0;7152,0;2381,0;2629,0
2021-10-11 11:30:00;13,1;69,0;5671,0;1434,0;3420,0
2021-10-11 09:00:00;12,0;72,0;893,0;2425,0;6867,0
2021-10-09 18:30:00;14,9;65,0;757,0;1869,0;4155,0
2021-10-09 14:30:00;15,3;70,0;6315,0;1786,0;2668,0
2021-10-08 15:30:00;15,8;80,0;6567,0;3935,0;3719,0
2021-10-08 12:30:00;14,4;83,0;7344,0;2666,0;4660,0
2021-10-08 11:30:00;13,7;84,0;6345,0;2024,0;5342,0
2021-10-07 13:30:00;15,1;57,0;7089,0;1520,0;6793,0
2021-10-07 08:30:00;12,4;75,0;303,0;1459,0;11662,0
2021-10-06 19:00:00;14,6;80,0;329,0;4624,0;11550,0
2021-10-05 14:30:00;15,5;18,0;3612,0;10717,0;5416,0
2021-10-04 15:30:00;16,0;23,0;3912,0;5649,0;4967,0
2021-10-04 09:30:00;14,2;51,0;1252,0;5050,0;7554,0
2021-10-03 10:30:00;16,0;19,0;1100,0;8002,0;5026,0
2021-10-02 15:00:00;17,3;24,0;4814,0;12251,0;2107,0
2021-10-01 12:00:00;15,4;43,0;5972,0;5624,0;3189,0
2021-09-30 15:00:00;16,8;71,0;7320,0;3754,0;3198,0
2021-09-30 10:00:00;14,1;78,0;3806,0;1768,0;6009,0
2021-09-29 17:00:00;17,4;58,0;4124,0;7714,0;2465,0
2021-09-29 11:30:00;16,4;65,0;4985,0;6850,0;4110,0
2021-09-28 12:30:00;16,9;40,0;6184,0;1485,0;4121,0
2021-09-28 09:00:00;15,6;43,0;1146,0;1585,0;7136,0
2021-09-27 11:30:00;17,5;33,0;3782,0;7664,0;4050,0
2021-09-26 11:00:00;17,6;26,0;3191,0;2742,0;3165,0
2021-09-24 17:30:00;19,7;81,0;3636,0;928,0;3951,0
2021-09-24 15:00:00;19,3;78,0;6932,0;803,0;3235,0
2021-09-23 12:30:00;17,7;93,0;7824,0;1046,0;4288,0
2021-09-23 08:30:00;14,7;96,0;653,0;1002,0;5810,0
2021-09-22 19:30:00;17,7;88,0;199,0;1339,0;7950,0
2021-09-21 12:30:00;17,2;51,0;5960,0;2225,0;4790,0
2021-09-20 16:00:00;18,4;33,0;4837,0;2064,0;4569,0
2021-09-19 13:30:00;18,6;30,0;5235,0;2337,0;3630,0
2021-09-18 14:00:00;20,3;36,0;4987,0;1298,0;4090,0
2021-09-17 16:00:00;20,9;51,0;6007,0;614,0;4625,0
2021-09-16 13:30:00;20,2;18,0;4230,0;347,0;5696,0
2021-09-15 15:00:00;21,1;17,0;4154,0;1348,0;5503,0
2021-09-14 10:30:00;20,0;17,0;2502,0;1838,0;6108,0
2021-09-14 09:00:00;19,7;20,0;855,0;2669,0;7333,0
2021-09-12 14:30:00;21,6;71,0;7885,0;136,0;2272,0
2021-09-12 09:30:00;18,6;74,0;3022,0;507,0;3230,0
2021-09-11 16:00:00;21,7;52,0;6350,0;1241,0;3160,0
2021-09-11 08:30:00;19,2;65,0;734,0;1246,0;4857,0
2021-09-10 18:30:00;21,1;49,0;2006,0;2469,0;5681,0
2021-09-10 13:00:00;21,3;15,0;4845,0;1841,0;4594,0
2021-09-10 11:00:00;20,8;13,0;3102,0;1402,0;6010,0
2021-09-09 19:30:00;21,4;30,0;366,0;2360,0;6954,0
2021-09-09 16:00:00;22,5;20,0;3614,0;3098,0;3535,0
2021-09-09 14:00:00;22,5;16,0;4072,0;2940,0;3432,0
2021-09-08 16:00:00;24,2;55,0;5232,0;3084,0;3518,0
2021-09-08 09:00:00;21,6;65,0;1565,0;4138,0;6150,0
2021-09-07 16:00:00;24,9;67,0;6335,0;3627,0;3980,0
2021-09-07 12:30:00;23,3;78,0;7337,0;2931,0;3746,0
2021-09-06 13:30:00;23,6;92,0;8252,0;918,0;3810,0
2021-09-06 11:00:00;21,7;92,0;6193,0;311,0;3856,0
2021-09-05 18:30:00;23,0;79,0;2724,0;309,0;4791,0
2021-09-04 15:30:00;22,2;56,0;6131,0;351,0;3013,0
2021-09-04 09:30:00;19,2;51,0;2338,0;390,0;5206,0
2021-09-03 15:00:00;21,6;45,0;5302,0;594,0;3819,0
2021-09-03 11:30:00;19,6;39,0;4339,0;450,0;4466,0
2021-09-02 15:30:00;21,3;57,0;5039,0;3717,0;4427,0
2021-09-01 10:00:00;17,7;74,0;4341,0;4192,0;6805,0
2021-08-31 19:30:00;19,8;87,0;949,0;4671,0;7753,0
2021-08-31 16:00:00;20,5;53,0;6640,0;4154,0;3894,0
2021-08-30 11:30:00;18,2;43,0;5676,0;3450,0;6094,0
2021-08-29 13:30:00;19,1;48,0;7008,0;3001,0;3825,0
2021-08-29 08:30:00;17,1;75,0;1106,0;2638,0;2897,0
2021-08-28 18:30:00;19,9;67,0;3078,0;5298,0;4559,0
2021-08-28 14:30:00;19,9;59,0;7504,0;4402,0;3348,0
2021-08-27 19:00:00;20,0;70,0;2008,0;4135,0;7045,0
2021-08-27 09:00:00;18,1;81,0;2293,0;2055,0;7092,0
2021-08-26 17:00:00;21,4;71,0;5729,0;4283,0;4831,0
2021-08-25 17:00:00;22,2;87,0;5866,0;3759,0;4401,0
2021-08-25 08:00:00;18,2;85,0;536,0;4168,0;6278,0
2021-08-23 09:00:00;19,0;65,0;1982,0;2520,0;6849,0
2021-08-22 20:00:00;20,8;74,0;479,0;3783,0;5499,0
2021-08-22 13:30:00;20,9;29,0;5755,0;4927,0;4204,0
2021-08-21 18:30:00;22,1;52,0;2545,0;2577,0;4970,0
2021-08-21 14:00:00;22,2;52,0;7108,0;1426,0;3702,0
2021-08-20 18:00:00;22,3;75,0;4304,0;540,0;5947,0
2021-08-20 13:30:00;21,1;65,0;7749,0;685,0;5657,0
2021-08-18 07:30:00;18,7;34,0;108,0;1957,0;5310,0
2021-08-17 16:00:00;20,6;25,0;5237,0;4769,0;5155,0
2021-08-17 11:00:00;20,0;34,0;5032,0;2119,0;5598,0
2021-08-17 08:00:00;19,6;47,0;565,0;1638,0;5405,0
2021-08-16 15:00:00;21,6;29,0;5857,0;6682,0;5106,0
2021-08-16 11:00:00;21,3;32,0;4333,0;6026,0;5913,0
2021-08-15 16:00:00;24,7;46,0;5454,0;4343,0;4280,0
2021-08-14 19:00:00;25,2;95,0;2451,0;569,0;7893,0
2021-08-14 08:30:00;21,6;95,0;1459,0;1090,0;6246,0
2021-08-13 19:00:00;24,2;90,0;2526,0;1014,0;8586,0
2021-08-13 08:00:00;21,2;65,0;605,0;1191,0;7430,0
2021-08-12 17:30:00;24,3;63,0;4340,0;779,0;7503,0
2021-08-10 13:00:00;20,7;63,0;7657,0;1298,0;6628,0
2021-08-10 10:30:00;19,0;67,0;5311,0;891,0;6488,0
2021-08-09 11:00:00;18,3;44,0;5183,0;3471,0;5902,0
2021-08-08 15:00:00;19,9;39,0;6063,0;6331,0;4952,0
2021-08-08 10:00:00;17,6;52,0;3761,0;5240,0;5435,0
2021-08-07 12:30:00;18,8;19,0;4430,0;7113,0;6424,0
2021-08-05 16:00:00;20,3;32,0;5586,0;5778,0;5999,0
2021-08-04 13:00:00;18,4;9,0;3781,0;1048,0;7569,0
2021-08-03 13:00:00;19,1;14,0;4650,0;1340,0;7689,0
2021-08-02 12:00:00;19,3;38,0;6152,0;903,0;5640,0
2021-08-02 10:00:00;18,2;44,0;4200,0;702,0;6214,0
2021-08-01 13:30:00;20,0;26,0;6098,0;2850,0;6072,0
2021-08-01 08:30:00;18,0;49,0;1424,0;1962,0;6015,0
2021-07-31 19:00:00;20,2;23,0;1288,0;3011,0;6995,0
2021-07-31 15:00:00;20,6;19,0;4261,0;3119,0;5257,0
2021-07-31 13:00:00;20,1;22,0;4481,0;3154,0;5818,0
2021-07-31 11:30:00;19,6;25,0;4022,0;2974,0;5278,0
2021-07-31 09:30:00;19,0;28,0;2195,0;2388,0;5486,0
2021-07-30 20:00:00;20,8;53,0;867,0;9174,0;6200,0
2021-07-30 13:30:00;21,3;33,0;5584,0;8463,0;5869,0
2021-07-29 20:30:00;21,3;70,0;409,0;1167,0;8385,0
2021-07-29 17:00:00;22,6;59,0;5473,0;2818,0;6101,0
2021-07-29 12:30:00;20,9;56,0;6564,0;3722,0;5915,0
2021-07-28 16:30:00;21,9;31,0;5129,0;7098,0;6123,0
2021-07-27 17:30:00;21,5;29,0;3191,0;4021,0;7721,0
2021-07-26 19:30:00;22,3;43,0;1777,0;2749,0;8996,0
2021-07-26 16:30:00;22,9;39,0;5752,0;3308,0;6528,0
2021-07-26 13:00:00;22,0;34,0;6112,0;2324,0;6792,0
2021-07-25 20:30:00;22,0;37,0;480,0;2476,0;8284,0
2021-07-25 17:00:00;23,0;38,0;4593,0;4004,0;6075,0
2021-07-25 11:30:00;21,8;37,0;4903,0;3280,0;5738,0
2021-07-24 19:00:00;22,4;25,0;2243,0;3211,0;7935,0
2021-07-24 14:00:00;23,3;27,0;5542,0;2445,0;6628,0
2021-07-24 08:00:00;22,6;28,0;684,0;3462,0;6801,0
2021-07-23 10:00:00;23,1;53,0;3818,0;1544,0;8361,0
2021-07-22 16:30:00;25,7;94,0;6920,0;1601,0;6834,0
2021-07-21 19:00:00;24,9;88,0;2907,0;1570,0;9754,0
2021-07-21 15:00:00;24,9;93,0;7899,0;1270,0;6642,0
2021-07-21 09:00:00;22,5;75,0;2379,0;730,0;8055,0
2021-07-20 19:30:00;24,4;83,0;1877,0;1980,0;8945,0
2021-07-20 08:00:00;22,1;99,0;1062,0;2227,0;8118,0
2021-07-19 16:30:00;24,7;91,0;6983,0;3800,0;6839,0
2021-07-19 14:30:00;24,3;94,0;8294,0;3315,0;7344,0
2021-07-18 10:00:00;20,1;92,0;4873,0;2729,0;6798,0
2021-07-17 19:00:00;21,6;82,0;3109,0;4079,0;8115,0
2021-07-16 17:30:00;20,2;54,0;4480,0;4765,0;7730,0
2021-07-16 10:30:00;18,4;37,0;4181,0;3299,0;8969,0
2021-12-30 16:00:00;12,3;64,0;1764,0;5934,0;8317,0
2021-12-30 14:00:00;12,3;44,0;3872,0;6501,0;8570,0
2021-12-28 16:30:00;9,9;22,0;234,0;14210,0;8140,0
2021-12-27 16:00:00;9,3;30,0;755,0;9092,0;8288,0
2021-12-27 11:30:00;8,5;21,0;1471,0;8233,0;8076,0
2021-12-27 09:30:00;8,2;24,0;165,0;7957,0;6791,0
2021-12-26 15:30:00;8,7;32,0;1325,0;2672,0;4134,0
2021-12-26 14:30:00;8,6;27,0;2193,0;2772,0;5060,0
2021-12-26 10:30:00;7,5;22,0;1325,0;3093,0;4231,0
2021-12-25 15:00:00;8,0;22,0;1804,0;490,0;3279,0
2021-12-24 12:30:00;7,1;13,0;2094,0;2629,0;6246,0
2021-12-23 10:30:00;3,9;48,0;2196,0;8015,0;6530,0
2021-12-22 12:30:00;3,0;40,0;4034,0;2158,0;10334,0
2021-12-22 10:30:00;2,3;47,0;2288,0;2877,0;11868,0
2021-12-21 17:00:00;4,1;67,0;133,0;1448,0;12063,0
2021-12-21 13:00:00;4,5;71,0;4841,0;865,0;9281,0
2021-12-20 16:00:00;5,1;53,0;1274,0;2755,0;10555,0
2021-12-19 16:30:00;5,7;49,0;670,0;2672,0;4458,0
2021-12-19 14:00:00;5,7;43,0;3605,0;2036,0;4659,0
2021-12-18 10:00:00;4,9;82,0;2051,0;5485,0;4630,0
2021-12-17 12:30:00;6,7;73,0;4854,0;5244,0;8140,0
2021-12-15 09:30:00;5,7;39,0;863,0;1854,0;12217,0
2021-12-14 10:30:00;5,7;52,0;2535,0;541,0;11985,0
2021-12-13 17:00:00;7,1;65,0;157,0;806,0;10212,0
2021-12-13 09:30:00;6,2;43,0;939,0;2070,0;10166,0
2021-12-11 09:30:00;5,1;47,0;906,0;3454,0;7569,0
2021-12-10 15:30:00;6,3;41,0;1064,0;14373,0;7884,0
2021-12-09 13:30:00;6,2;40,0;2991,0;4779,0;10683,0
2021-12-08 10:00:00;5,4;26,0;818,0;6901,0;10113,0
2021-12-07 15:30:00;6,8;10,0;525,0;11852,0;7689,0
2021-12-06 13:30:00;6,6;27,0;2907,0;4862,0;10374,0
2021-12-04 12:00:00;7,3;15,0;1830,0;11634,0;4936,0
2021-12-02 11:30:00;5,6;41,0;3272,0;7901,0;6572,0
2021-12-01 10:00:00;6,2;35,0;1209,0;12664,0;6483,0
2021-11-30 11:00:00;4,6;40,0;3348,0;10984,0;7084,0
2021-11-29 17:00:00;5,1;54,0;129,0;2681,0;11273,0
2021-11-28 14:00:00;5,3;25,0;2375,0;8356,0;3524,0
2021-11-28 09:00:00;4,6;33,0;428,0;8915,0;2345,0
2021-11-26 16:30:00;6,6;28,0;427,0;11727,0;5164,0
2021-11-25 12:30:00;6,3;14,0;2004,0;2341,0;9724,0
2021-11-24 12:30:00;6,8;37,0;2866,0;1816,0;7900,0
2021-11-24 09:00:00;5,7;43,0;436,0;4085,0;9933,0
2021-11-23 17:00:00;7,8;69,0;126,0;7460,0;7359,0
2021-11-20 13:00:00;8,5;35,0;4250,0;258,0;5171,0
2021-11-19 15:30:00;9,8;73,0;3283,0;586,0;4920,0
2021-11-18 15:00:00;10,1;55,0;3326,0;1187,0;4438,0
2021-11-18 11:30:00;9,0;48,0;4412,0;1082,0;5734,0
2021-11-17 09:00:00;8,4;25,0;447,0;1965,0;8617,0
2021-11-16 14:30:00;9,0;19,0;1776,0;730,0;8709,0
2021-11-14 13:00:00;10,4;9,0;2680,0;3314,0;3559,0
2021-11-12 13:30:00;9,8;42,0;4367,0;2221,0;3229,0
2021-11-12 12:00:00;8,8;39,0;4436,0;2243,0;3620,0
2021-11-12 10:30:00;7,6;35,0;3157,0;2459,0;5563,0
2021-11-10 11:30:00;8,2;45,0;3897,0;404,0;7679,0
2021-11-09 16:30:00;10,0;64,0;1333,0;1043,0;5214,0
2021-11-08 16:00:00;10,6;49,0;2055,0;1867,0;7680,0
2021-11-08 08:00:00;7,9;58,0;124,0;1823,0;8305,0
2021-11-07 08:30:00;7,7;46,0;523,0;5432,0;2836,0
2021-11-06 16:00:00;10,2;50,0;2654,0;3210,0;3329,0
2021-11-05 08:30:00;8,3;50,0;628,0;2617,0;7246,0
2021-11-03 16:30:00;10,9;39,0;1140,0;2623,0;6934,0
2021-11-03 12:00:00;10,8;34,0;3760,0;2552,0;6605,0
2021-11-02 15:30:00;12,2;29,0;2243,0;1889,0;6887,0
2021-11-01 12:00:00;12,8;34,0;5009,0;9160,0;4266,0
2021-10-30 15:00:00;13,7;14,0;2246,0;6939,0;2815,0
2021-10-29 16:30:00;13,9;32,0;1649,0;8018,0;1860,0
2021-10-28 14:30:00;14,3;85,0;6451,0;5306,0;2268,0
2021-10-27 14:00:00;13,4;80,0;6719,0;1570,0;2473,0
2021-10-26 15:30:00;13,8;44,0;4752,0;2995,0;2355,0
2021-10-26 12:00:00;12,4;42,0;4018,0;2684,0;4134,0
2021-10-25 11:30:00;11,7;53,0;4040,0;1515,0;4874,0
2021-10-24 18:30:00;13,2;80,0;335,0;2184,0;2715,0
2021-10-24 10:00:00;9,8;90,0;3012,0;4184,0;2465,0
2021-10-23 18:30:00;12,5;91,0;417,0;1333,0;4814,0
2021-10-23 15:30:00;13,5;81,0;6087,0;871,0;2281,0
2021-10-22 16:00:00;13,7;59,0;4363,0;4640,0;2846,0
2021-10-21 13:00:00;14,5;31,0;4781,0;11885,0;3332,0
2021-10-21 10:00:00;14,4;42,0;1655,0;11177,0;3892,0
2021-10-20 18:00:00;16,0;22,0;566,0;12578,0;2764,0
2021-10-20 11:30:00;15,3;18,0;2714,0;12093,0;4355,0
2021-10-20 09:30:00;14,8;24,0;785,0;11770,0;6216,0
2021-10-18 11:00:00;11,9;38,0;4153,0;2101,0;5323,0
2021-10-16 11:30:00;11,8;79,0;5681,0;366,0;3391,0
2021-10-15 16:30:00;14,5;61,0;4424,0;690,0;2336,0
2021-10-15 09:30:00;10,3;56,0;1698,0;1013,0;6646,0
2021-10-14 18:00:00;13,8;97,0;1974,0;711,0;3549,0
2021-10-13 16:30:00;14,1;66,0;4852,0;1932,0;2767,0
2021-10-12 19:00:00;13,5;60,0;170,0;3321,0;6391,0
2021-10-12 08:30:00;11,4;72,0;159,0;2418,0;6090,0
2021-10-11 16:30:00;15,0;69,0;4972,0;2661,0;2472,0
2021-10-10 16:00:00;15,2;76,0;5867,0;1678,0;2141,0
2021-10-10 08:30:00;12,1;56,0;190,0;1408,0;3368,0
2021-10-09 12:00:00;13,9;68,0;6046,0;1147,0;3002,0
2021-10-08 10:00:00;12,7;84,0;3507,0;2526,0;7361,0
2021-10-07 12:30:00;14,5;63,0;6792,0;1380,0;6882,0
2021-10-06 18:00:00;15,2;69,0;2159,0;6320,0;7342,0
2021-10-06 13:30:00;15,0;42,0;6342,0;8769,0;6298,0
2021-10-05 17:30:00;15,4;36,0;1922,0;10507,0;6524,0
2021-10-05 14:00:00;15,5;16,0;3786,0;10542,0;5147,0
2021-10-04 17:30:00;16,0;32,0;2240,0;5032,0;5909,0
2021-10-02 14:30:00;17,2;25,0;5275,0;11877,0;2044,0
2021-10-02 13:30:00;16,8;28,0;5720,0;10697,0;2197,0
2021-10-02 10:30:00;14,9;36,0;3256,0;7004,0;3644,0
2021-10-01 16:00:00;16,9;23,0;3712,0;6079,0;2733,0
2021-10-01 13:00:00;16,1;37,0;6100,0;6117,0;2874,0
2021-09-30 11:00:00;14,8;78,0;5795,0;1382,0;4939,0
2021-09-29 10:30:00;16,0;67,0;3709,0;6003,0;5476,0
2021-09-28 10:00:00;15,8;41,0;2931,0;1362,0;6081,0
2021-09-27 19:00:00;17,8;58,0;498,0;4595,0;7221,0
2021-09-27 16:30:00;18,7;37,0;3903,0;8013,0;2956,0
2021-09-27 15:00:00;18,3;30,0;4856,0;7807,0;2750,0
2021-09-27 10:30:00;17,2;32,0;2551,0;6755,0;4820,0
2021-09-26 16:30:00;19,4;38,0;4063,0;2686,0;3523,0
2021-09-26 08:30:00;17,3;25,0;209,0;2653,0;3086,0
2021-09-25 18:30:00;19,3;35,0;901,0;1177,0;5322,0
2021-09-24 09:30:00;15,7;83,0;2672,0;610,0;6271,0
2021-09-23 14:30:00;18,9;91,0;7858,0;1250,0;4248,0
2021-09-23 11:30:00;16,9;94,0;6803,0;785,0;4120,0
2021-09-22 17:30:00;19,0;88,0;4155,0;855,0;5489,0
2021-09-21 18:30:00;17,9;58,0;1568,0;1929,0;5206,0
2021-09-21 11:00:00;16,4;52,0;4269,0;2240,0;5243,0
2021-09-20 18:30:00;18,0;46,0;1449,0;2747,0;5924,0
2021-09-18 19:30:00;19,0;30,0;208,0;1497,0;7416,0
2021-09-18 11:00:00;18,7;49,0;4237,0;590,0;5336,0
2021-09-17 15:00:00;20,7;54,0;6674,0;599,0;4800,0
2021-09-16 17:30:00;20,5;30,0;2867,0;641,0;5325,0
2021-09-16 13:00:00;20,1;19,0;3981,0;334,0;5944,0
2021-09-15 19:30:00;20,3;36,0;298,0;1656,0;6716,0
2021-09-15 14:00:00;21,1;15,0;4445,0;1320,0;5961,0
2021-09-14 17:30:00;22,3;17,0;2201,0;1883,0;6317,0
2021-09-14 14:30:00;22,0;12,0;4362,0;2172,0;4821,0
2021-09-14 11:30:00;20,5;15,0;3486,0;1464,0;5179,0
2021-09-13 18:00:00;22,6;38,0;2321,0;1208,0;7166,0
2021-09-13 12:00:00;20,8;62,0;6687,0;722,0;4193,0
2021-09-12 18:00:00;21,8;77,0;3547,0;289,0;3020,0
2021-09-12 16:30:00;22,1;74,0;6197,0;162,0;2545,0
2021-09-12 12:30:00;20,6;74,0;7881,0;171,0;2527,0
2021-09-10 14:00:00;21,6;17,0;5085,0;1975,0;4310,0
2021-09-10 12:30:00;21,1;15,0;4577,0;1714,0;4851,0
2021-09-09 15:30:00;22,5;19,0;3837,0;3219,0;3575,0
2021-09-08 19:30:00;23,1;55,0;485,0;2014,0;8717,0
2021-09-07 17:30:00;24,8;62,0;3999,0;3667,0;4091,0
2021-09-07 11:30:00;22,6;79,0;6439,0;2051,0;3678,0
2021-09-05 12:00:00;21,3;85,0;7585,0;72,0;2987,0
2021-09-04 19:30:00;21,2;69,0;702,0;710,0;6054,0
2021-09-04 13:00:00;21,3;53,0;6763,0;282,0;3475,0
2021-09-03 09:00:00;18,5;35,0;1137,0;1542,0;7610,0
2021-09-02 14:30:00;21,0;60,0;5453,0;3957,0;4310,0
2021-09-02 10:00:00;18,0;73,0;3295,0;3911,0;6392,0
2021-08-31 12:30:00;19,1;50,0;6918,0;3438,0;4641,0
2021-08-31 08:30:00;17,3;61,0;1046,0;2877,0;7172,0
2021-08-30 16:30:00;20,0;39,0;5604,0;4071,0;4883,0
2021-08-29 16:00:00;19,7;45,0;6147,0;3570,0;3149,0
2021-08-29 10:30:00;17,7;64,0;4744,0;2490,0;4015,0
2021-08-27 14:00:00;20,2;48,0;7320,0;3010,0;4576,0
2021-08-26 18:30:00;20,8;73,0;3051,0;4609,0;5049,0
2021-08-26 13:30:00;20,6;76,0;7706,0;3599,0;5389,0
2021-08-25 16:30:00;22,0;88,0;6564,0;3814,0;4356,0
2021-08-25 15:30:00;21,7;88,0;7544,0;3968,0;4308,0
2021-08-25 09:30:00;18,5;86,0;3431,0;2548,0;6478,0
2021-08-24 17:00:00;21,5;51,0;4879,0;8477,0;4345,0
2021-08-23 19:30:00;20,6;70,0;1107,0;4791,0;7931,0
2021-08-23 14:30:00;20,8;50,0;6938,0;3642,0;5740,0
2021-08-22 08:30:00;19,5;47,0;848,0;3558,0;3787,0
2021-08-21 15:00:00;22,4;50,0;6785,0;1707,0;3720,0
2021-08-21 11:30:00;20,6;49,0;5886,0;771,0;3908,0
2021-08-20 07:30:00;18,2;64,0;158,0;788,0;5525,0
2021-08-19 17:00:00;20,6;34,0;4197,0;2016,0;5046,0
2021-08-19 12:00:00;19,4;27,0;4665,0;1502,0;6782,0
2021-08-19 08:30:00;18,3;31,0;858,0;1290,0;6672,0
2021-08-19 07:30:00;18,3;36,0;105,0;1374,0;5520,0
2021-08-18 09:30:00;18,9;27,0;2128,0;1891,0;6457,0
2021-08-17 20:00:00;20,0;35,0;463,0;4528,0;6990,0
2021-08-16 20:30:00;20,8;49,0;184,0;4183,0;6853,0
2021-08-16 15:30:00;21,6;29,0;5694,0;7051,0;5115,0
2021-08-15 16:30:00;24,7;47,0;4852,0;4945,0;4126,0
2021-08-15 09:00:00;22,3;68,0;1953,0;1138,0;4713,0
2021-08-13 13:00:00;23,0;65,0;7093,0;864,0;5833,0
2021-08-13 11:30:00;22,1;57,0;5639,0;655,0;6385,0
2021-08-12 19:00:00;23,6;64,0;1968,0;1072,0;9772,0
2021-08-12 16:00:00;24,2;64,0;6102,0;789,0;6196,0
2021-08-11 15:30:00;23,0;82,0;7608,0;510,0;6273,0
2021-08-11 13:00:00;21,8;87,0;7955,0;707,0;5732,0
2021-08-10 19:00:00;21,8;65,0;2463,0;1021,0;8864,0
2021-08-10 09:30:00;18,4;68,0;3489,0;824,0;7536,0
2021-08-09 16:00:00;20,6;51,0;6672,0;4634,0;6381,0
2021-08-08 08:30:00;17,3;60,0;1292,0;4360,0;5908,0
2021-08-07 14:00:00;19,3;23,0;5004,0;8131,0;6295,0
2021-08-06 17:30:00;20,6;34,0;4057,0;6535,0;5344,0
2021-08-06 09:00:00;18,2;28,0;1830,0;7575,0;5954,0
2021-08-05 09:30:00;17,7;22,0;2608,0;1661,0;7895,0
2021-08-04 18:00:00;19,2;24,0;2873,0;1604,0;7571,0
2021-08-04 12:30:00;18,3;10,0;3611,0;984,0;7589,0
2021-08-03 14:00:00;19,4;11,0;4440,0;1649,0;7223,0
2021-08-02 18:30:00;20,3;41,0;3301,0;1622,0;6705,0
2021-08-02 14:00:00;20,2;32,0;6788,0;1270,0;5545,0
2021-08-01 18:30:00;20,3;43,0;3069,0;2703,0;5968,0
2021-08-01 15:30:00;20,4;32,0;5942,0;3301,0;5680,0
2021-07-31 18:00:00;20,5;19,0;2207,0;3039,0;5890,0
2021-07-30 15:30:00;21,6;29,0;5234,0;10446,0;5414,0
2021-07-29 11:30:00;20,4;59,0;5840,0;3489,0;6401,0
2021-07-28 20:30:00;21,1;63,0;448,0;4698,0;9448,0
2021-07-27 16:00:00;21,6;27,0;4221,0;4054,0;6948,0
2021-07-27 14:30:00;21,5;27,0;4904,0;3326,0;7565,0
2021-07-27 08:00:00;20,2;32,0;757,0;1406,0;8272,0
2021-07-26 18:30:00;22,6;42,0;3394,0;3194,0;7752,0
2021-07-25 14:00:00;22,5;35,0;6052,0;3489,0;6037,0
2021-07-24 15:00:00;23,1;26,0;5465,0;3107,0;6621,0
2021-07-24 08:30:00;22,6;27,0;1140,0;3507,0;6706,0
2021-07-23 17:30:00;25,2;31,0;4041,0;4809,0;7019,0
2021-07-23 15:30:00;25,2;39,0;5949,0;4028,0;6989,0
2021-07-23 09:00:00;22,8;53,0;2319,0;1866,0;9094,0
2021-07-22 07:00:00;22,9;93,0;154,0;2016,0;7937,0
2021-07-21 20:30:00;24,5;89,0;570,0;1534,0;9050,0
2021-07-21 14:00:00;24,7;94,0;8059,0;1268,0;6481,0
2021-07-20 17:00:00;25,1;87,0;6115,0;1738,0;6578,0
2021-07-19 20:00:00;24,3;91,0;1218,0;3735,0;9451,0
2021-07-19 09:30:00;21,4;92,0;3925,0;1799,0;8131,0
2021-07-18 21:00:00;22,7;98,0;228,0;5331,0;9619,0
2021-07-18 16:00:00;23,7;96,0;6568,0;4824,0;6454,0
2021-07-17 18:30:00;21,6;82,0;4057,0;3984,0;7582,0
2021-07-17 07:00:00;18,1;69,0;140,0;2730,0;7035,0
2021-07-16 12:30:00;19,1;38,0;5655,0;3572,0;8749,0
2021-07-16 07:00:00;18,1;42,0;122,0;3597,0;7791,0
2021-07-15 15:00:00;20,0;28,0;5262,0;6210,0;8087,0
2021-07-15 11:30:00;18,8;38,0;4346,0;5750,0;8316,0
2021-07-14 11:30:00;17,9;14,0;3349,0;5714,0;8013,0
2021-07-13 20:30:00;18,1;28,0;405,0;5853,0;8707,0
2021-07-13 16:00:00;18,9;23,0;4350,0;5023,0;7525,0
2021-07-13 10:30:00;17,9;21,0;2829,0;3202,0;8649,0
2021-07-12 10:30:00;18,8;20,0;2405,0;1565,0;7742,0
2021-07-11 15:00:00;20,7;53,0;7396,0;310,0;6056,0
2021-07-10 13:30:00;19,8;32,0;5762,0;1005,0;6766,0
2021-07-10 10:30:00;18,7;41,0;4546,0;385,0;6219,0
2021-07-09 19:30:00;20,3;57,0;2033,0;473,0;8325,0
2021-07-09 14:30:00;20,1;41,0;6783,0;736,0;7301,0
2021-07-09 09:30:00;18,1;45,0;3696,0;484,0;9588,0
2021-07-08 17:30:00;20,2;38,0;4578,0;2454,0;7150,0
2021-07-08 12:00:00;19,0;27,0;5011,0;1424,0;8341,0
2021-07-07 20:30:00;19,8;44,0;533,0;1982,0;9656,0
2021-07-07 08:30:00;18,3;39,0;1632,0;1503,0;7678,0
2021-07-05 13:00:00;20,2;42,0;6561,0;3820,0;7446,0
2021-07-05 08:30:00;18,7;42,0;1529,0;2672,0;8553,0
2021-07-04 15:00:00;19,8;21,0;5250,0;4307,0;7134,0
2021-07-04 11:30:00;19,1;12,0;2790,0;3013,0;6988,0
2021-07-03 18:00:00;20,8;21,0;3311,0;1699,0;8248,0
2021-07-03 15:00:00;20,8;16,0;4484,0;1468,0;7234,0
2021-07-03 11:00:00;19,7;22,0;3791,0;915,0;7522,0
2021-07-03 10:00:00;19,5;19,0;2774,0;1003,0;8252,0
2021-07-02 19:00:00;21,7;28,0;2219,0;505,0;9712,0
2021-07-02 15:30:00;21,8;44,0;6901,0;332,0;7711,0
2021-07-02 12:30:00;20,6;58,0;7095,0;213,0;8677,0
2021-06-30 19:30:00;18,9;50,0;1767,0;1842,0;9990,0
2021-06-30 17:00:00;19,2;37,0;4703,0;2428,0;7702,0
2021-06-30 09:30:00;17,4;34,0;2842,0;2073,0;9730,0
2021-06-28 08:30:00;18,2;31,0;1547,0;1148,0;8913,0
2021-06-27 16:00:00;20,4;22,0;4018,0;1653,0;5968,0
2021-06-27 07:00:00;18,2;20,0;187,0;2031,0;6316,0
2021-06-25 18:00:00;20,0;42,0;4225,0;1267,0;8781,0
2021-06-25 07:30:00;16,7;53,0;644,0;1291,0;8763,0
2021-06-24 19:30:00;19,5;50,0;1676,0;1750,0;9797,0
2021-06-24 15:00:00;19,4;33,0;4969,0;1626,0;8537,0
2021-06-23 09:00:00;17,8;32,0;2005,0;1530,0;9454,0
2021-06-23 07:00:00;17,7;39,0;225,0;2016,0;7770,0
2021-06-22 14:00:00;20,0;28,0;5333,0;3478,0;8751,0
2021-06-22 08:30:00;19,0;31,0;1444,0;3882,0;8558,0
2021-06-21 08:00:00;19,8;37,0;1096,0;1317,0;9005,0
2021-06-20 08:30:00;20,9;25,0;1522,0;1780,0;6805,0
2021-06-19 18:30:00;22,7;22,0;2412,0;2745,0;8031,0
2021-06-19 14:00:00;23,2;21,0;5195,0;1348,0;7268,0
2021-06-18 21:00:00;22,8;35,0;251,0;3403,0;10788,0
2021-06-18 14:00:00;23,6;42,0;6550,0;5017,0;8071,0
2021-06-18 07:30:00;22,2;38,0;577,0;3044,0;9959,0
2021-06-17 20:00:00;23,0;7,0;485,0;1616,0;11717,0
2021-06-17 14:00:00;23,9;16,0;4374,0;2198,0;8522,0
2021-06-17 07:00:00;23,2;24,0;227,0;3025,0;8434,0
2021-06-16 19:00:00;25,2;39,0;1995,0;994,0;11168,0
2021-06-16 09:00:00;22,6;80,0;2850,0;665,0;8748,0
2021-06-15 20:30:00;24,3;92,0;584,0;369,0;11303,0
2021-06-15 07:00:00;21,9;87,0;294,0;1401,0;8787,0
2021-06-14 19:30:00;24,4;87,0;1977,0;1126,0;11592,0
2021-06-14 11:30:00;22,8;98,0;7195,0;451,0;7799,0
2021-06-13 21:00:00;22,8;98,0;223,0;1597,0;9722,0
2021-06-13 14:30:00;23,3;99,0;7058,0;1210,0;6201,0
2021-06-12 19:30:00;22,4;85,0;2003,0;1844,0;8458,0
2021-06-12 15:00:00;22,3;69,0;6369,0;1093,0;6890,0
2021-06-12 11:00:00;20,7;61,0;5329,0;713,0;7890,0
2021-06-11 20:30:00;22,0;78,0;591,0;1791,0;10608,0
2021-06-11 12:30:00;21,6;71,0;7406,0;720,0;8498,0
2021-06-11 08:00:00;19,9;73,0;1334,0;736,0;10401,0
2021-06-10 12:00:00;20,7;74,0;6964,0;522,0;9306,0
2021-06-09 11:00:00;19,8;82,0;6322,0;548,0;8111,0
2021-06-08 10:00:00;18,3;81,0;4976,0;580,0;8627,0
2021-06-08 08:30:00;17,7;80,0;2228,0;664,0;10250,0
2021-06-07 13:30:00;19,5;38,0;6075,0;749,0;9197,0
2021-06-06 13:00:00;18,7;37,0;5878,0;1349,0;8946,0
2021-06-06 08:00:00;16,8;60,0;1232,0;1380,0;7949,0
2021-06-05 20:30:00;18,4;62,0;531,0;1589,0;10233,0
2021-06-05 09:30:00;17,4;53,0;3297,0;2197,0;9221,0
2021-06-04 11:30:00;18,9;29,0;3885,0;1471,0;8845,0
2021-06-04 08:30:00;18,6;30,0;1383,0;1198,0;10798,0
2021-06-03 18:00:00;20,4;38,0;3236,0;1082,0;9046,0
2021-06-03 14:30:00;20,5;35,0;5476,0;830,0;8048,0
2021-06-03 11:30:00;19,5;44,0;5283,0;833,0;8496,0
2021-06-02 20:30:00;19,5;58,0;491,0;1790,0;10900,0
2021-06-02 10:30:00;18,9;26,0;3471,0;1579,0;8594,0
2021-06-02 09:00:00;18,7;27,0;1711,0;1749,0;9725,0
2021-06-01 12:30:00;19,9;70,0;6495,0;2857,0;7785,0
2021-05-31 21:00:00;19,1;91,0;176,0;2620,0;10819,0
2021-05-31 09:00:00;16,8;90,0;3187,0;1865,0;9883,0
2021-05-30 20:30:00;18,2;78,0;485,0;3330,0;8801,0
2021-05-30 12:30:00;17,8;74,0;7525,0;3120,0;6593,0
2021-05-30 10:30:00;16,7;71,0;5612,0;1730,0;7164,0
2021-05-29 17:30:00;18,4;50,0;4473,0;3023,0;7102,0
2021-05-29 11:00:00;16,4;45,0;5240,0;1566,0;7833,0
2021-05-28 11:00:00;15,4;69,0;6263,0;1285,0;8688,0
2021-05-28 09:30:00;14,2;62,0;4095,0;1060,0;10654,0
2021-05-27 18:00:00;16,5;69,0;4536,0;784,0;8604,0
2021-05-27 10:30:00;13,6;64,0;5526,0;441,0;10088,0
2021-05-26 15:30:00;14,4;32,0;5667,0;6628,0;8563,0
2021-05-25 09:00:00;11,9;55,0;2821,0;8280,0;10671,0
2021-05-24 16:30:00;13,3;26,0;4152,0;10150,0;8015,0
2021-05-23 20:00:00;14,4;20,0;885,0;5856,0;11312,0
2021-05-23 16:00:00;14,7;33,0;5435,0;6470,0;6356,0
2021-05-22 16:30:00;14,0;27,0;4465,0;8763,0;7750,0
2021-05-21 21:00:00;13,2;36,0;141,0;11101,0;9480,0
2021-05-21 18:30:00;14,0;24,0;1632,0;11840,0;10008,0
2021-05-21 13:30:00;14,3;22,0;4355,0;12149,0;7808,0
2021-05-21 12:00:00;13,9;22,0;4190,0;11791,0;7986,0
2021-05-21 09:00:00;13,0;33,0;1995,0;9771,0;10980,0
2021-05-20 19:00:00;15,1;31,0;2332,0;7754,0;11953,0
2021-05-19 19:30:00;13,6;60,0;1588,0;5951,0;10499,0
2021-05-18 19:00:00;13,5;33,0;1488,0;3350,0;10562,0
2021-05-18 16:30:00;13,9;23,0;3560,0;3174,0;8802,0
2021-05-18 08:00:00;12,2;22,0;901,0;2958,0;11829,0
2021-05-17 08:00:00;12,3;25,0;959,0;10557,0;10068,0
2021-05-16 12:30:00;13,6;13,0;3947,0;6676,0;8310,0
2021-05-16 10:30:00;12,8;10,0;2203,0;4888,0;8359,0
2021-05-15 17:00:00;13,8;13,0;2582,0;9172,0;7972,0
2021-05-14 20:30:00;13,0;26,0;266,0;4090,0;11319,0
2021-05-14 15:00:00;13,6;29,0;5753,0;5377,0;8247,0
2021-05-14 08:30:00;11,9;29,0;1509,0;2735,0;10113,0
2021-05-13 20:30:00;13,2;40,0;277,0;1944,0;9676,0
2021-05-13 16:30:00;14,3;33,0;4461,0;2330,0;7258,0
2021-05-13 12:30:00;13,3;35,0;5725,0;3474,0;7678,0
2021-05-13 08:00:00;12,2;43,0;934,0;4588,0;8138,0
2021-05-12 19:00:00;13,9;22,0;1612,0;3006,0;9448,0
2021-05-11 18:30:00;14,0;42,0;2905,0;6292,0;7928,0
2021-05-11 16:00:00;14,1;26,0;4870,0;6264,0;7779,0
2021-05-11 12:00:00;13,7;24,0;4398,0;3480,0;8467,0
2021-05-10 18:30:00;14,9;24,0;1990,0;3492,0;8731,0
2021-05-10 11:30:00;14,8;24,0;3827,0;7397,0;8172,0
2021-05-09 15:00:00;17,7;25,0;4119,0;9134,0;4856,0
2021-05-09 13:00:00;17,1;30,0;4728,0;8569,0;5454,0
2021-05-08 20:30:00;15,8;63,0;315,0;4478,0;9471,0
2021-05-08 16:30:00;16,7;62,0;6125,0;8549,0;6512,0
2021-05-07 16:30:00;13,6;40,0;5101,0;1816,0;6727,0
2021-05-07 12:00:00;12,0;47,0;5568,0;2337,0;7728,0
2021-05-07 08:30:00;10,5;41,0;1274,0;2219,0;9802,0
2021-05-05 18:30:00;12,2;35,0;2699,0;7032,0;6727,0
2021-05-05 12:30:00;11,8;42,0;5939,0;7701,0;7075,0
2021-05-05 10:00:00;10,8;47,0;3925,0;7094,0;6802,0
2021-05-04 16:00:00;12,8;25,0;4597,0;10957,0;4820,0
2021-05-03 16:30:00;13,6;78,0;6691,0;6817,0;5329,0
2021-05-03 12:30:00;12,0;82,0;7449,0;3030,0;7199,0
2021-05-03 10:00:00;9,8;93,0;5087,0;754,0;7300,0
2021-05-01 13:30:00;11,3;17,0;3572,0;1855,0;5904,0
2021-05-01 12:30:00;11,2;24,0;3409,0;1614,0;5804,0
2021-04-30 12:00:00;11,7;29,0;4122,0;562,0;6528,0
2021-04-30 08:30:00;10,8;22,0;797,0;1245,0;7960,0
2021-04-29 19:00:00;12,5;33,0;1179,0;1346,0;7477,0
2021-04-29 08:30:00;11,6;35,0;764,0;2216,0;8078,0
2021-04-28 16:00:00;14,0;20,0;3549,0;2551,0;4198,0
2021-04-28 14:30:00;14,2;18,0;3985,0;1748,0;4606,0
2021-04-27 20:30:00;14,2;56,0;114,0;1066,0;6763,0
2021-04-27 14:00:00;14,7;63,0;5646,0;700,0;5498,0
2021-04-26 20:30:00;13,7;33,0;105,0;5804,0;7612,0
2021-04-26 15:30:00;14,3;38,0;3840,0;7111,0;3735,0
2021-04-25 20:30:00;14,1;27,0;120,0;9557,0;5149,0
2021-04-25 18:30:00;14,6;25,0;1888,0;9830,0;3315,0
2021-04-25 14:00:00;14,9;38,0;5230,0;6731,0;2738,0
2021-04-24 12:00:00;14,2;91,0;7439,0;4272,0;2876,0
2021-04-24 10:30:00;13,0;91,0;5685,0;3745,0;3088,0
2021-04-23 15:30:00;15,1;98,0;7666,0;4293,0;2883,0
2021-04-23 09:30:00;11,4;100,0;3899,0;2193,0;6442,0
2021-04-22 16:00:00;13,9;73,0;6737,0;4291,0;3105,0
2021-04-22 08:00:00;10,5;92,0;703,0;5392,0;5735,0
2021-04-21 18:30:00;12,7;49,0;2484,0;4261,0;3883,0
2021-04-21 11:00:00;11,3;61,0;4433,0;944,0;5891,0
2021-04-20 19:30:00;12,2;45,0;814,0;853,0;7641,0
2021-04-20 14:00:00;12,5;45,0;6319,0;476,0;3280,0
2021-04-20 11:00:00;10,5;60,0;5261,0;298,0;5816,0
2021-04-20 07:30:00;8,9;54,0;183,0;670,0;7245,0
2021-04-19 12:30:00;10,3;80,0;7083,0;644,0;5752,0
2021-04-19 07:30:00;7,7;89,0;171,0;1146,0;7561,0
2021-04-18 20:00:00;9,8;65,0;422,0;2000,0;5774,0
2021-04-17 09:00:00;6,6;69,0;1697,0;3446,0;4912,0
2021-04-16 17:30:00;9,0;43,0;3588,0;6270,0;4129,0
2021-04-15 18:30:00;9,1;69,0;2885,0;4940,0;4673,0
2021-04-15 10:00:00;6,8;93,0;4671,0;2423,0;7740,0
2021-04-14 08:30:00;6,4;88,0;1302,0;3004,0;9268,0
2021-04-13 11:00:00;7,7;84,0;6076,0;2661,0;7399,0
2021-04-12 12:30:00;8,5;57,0;6307,0;2513,0;8383,0
2021-04-11 13:00:00;9,1;8,0;2972,0;5817,0;5925,0
2021-04-10 17:00:00;11,2;5,0;2190,0;5199,0;4180,0
2021-04-10 11:00:00;9,4;9,0;2452,0;4654,0;6201,0
2021-04-09 19:30:00;10,9;20,0;453,0;4223,0;8642,0
2021-04-09 16:00:00;11,7;32,0;4283,0;4937,0;5433,0
2021-04-08 17:30:00;11,0;85,0;4879,0;839,0;4822,0
2021-04-07 19:00:00;8,5;80,0;1902,0;4945,0;7736,0
2021-04-06 19:00:00;8,1;57,0;1681,0;7569,0;8118,0
2021-04-04 17:30:00;12,7;96,0;4864,0;1750,0;3865,0
2021-04-03 14:00:00;12,3;77,0;7700,0;9663,0;4148,0
2021-04-03 11:30:00;11,5;54,0;5762,0;10635,0;4750,0
2021-04-02 19:30:00;13,6;86,0;693,0;10589,0;5911,0
2021-04-02 17:00:00;14,7;86,0;5020,0;9433,0;5043,0
2021-04-02 14:30:00;14,7;90,0;7228,0;7669,0;4373,0
2021-04-01 12:00:00;15,6;88,0;6524,0;938,0;5948,0
2021-03-31 18:00:00;17,0;72,0;2878,0;901,0;7576,0
2021-03-31 14:30:00;16,8;78,0;6700,0;979,0;5918,0
2021-03-30 15:00:00;16,0;98,0;6719,0;1342,0;4891,0
2021-03-30 12:30:00;14,1;97,0;6472,0;952,0;5934,0
2021-03-29 17:30:00;15,2;99,0;4143,0;994,0;4424,0
2021-03-28 18:30:00;12,2;87,0;2240,0;2293,0;4821,0
2021-03-27 11:00:00;9,3;68,0;5349,0;8143,0;4643,0
2021-03-26 11:00:00;9,7;32,0;4801,0;5630,0;5882,0
2021-03-25 11:00:00;9,1;46,0;4658,0;1367,0;8235,0
2021-03-24 09:30:00;7,4;95,0;4069,0;660,0;8012,0
2021-03-23 08:30:00;5,7;94,0;1920,0;2055,0;11369,0
2021-03-22 13:30:00;8,0;61,0;6261,0;2649,0;8852,0
2021-03-21 16:00:00;8,4;30,0;3570,0;6212,0;3663,0
2021-03-20 17:00:00;7,8;86,0;3139,0;4903,0;5068,0
2021-03-20 13:30:00;7,5;71,0;6705,0;4334,0;5086,0
2021-03-18 14:00:00;7,8;20,0;3946,0;3905,0;10627,0
2021-03-18 08:30:00;7,0;46,0;1349,0;2890,0;13663,0
2021-03-17 13:30:00;9,0;33,0;5351,0;7861,0;7881,0
2021-03-16 08:00:00;7,7;38,0;559,0;2537,0;11559,0
2021-03-15 08:00:00;8,0;25,0;400,0;9573,0;10720,0
2021-03-14 16:00:00;9,3;40,0;3835,0;10769,0;3710,0
2021-03-13 11:30:00;9,0;36,0;4278,0;14685,0;4932,0
2021-03-11 15:00:00;10,3;17,0;3484,0;13927,0;4452,0
2021-03-11 12:00:00;10,0;22,0;4041,0;13457,0;6067,0
2021-03-10 13:00:00;8,5;50,0;6192,0;9073,0;7265,0
2021-03-09 14:00:00;8,3;77,0;5863,0;2009,0;8945,0
2021-03-09 08:30:00;5,2;80,0;1157,0;2063,0;13374,0
2021-03-08 11:30:00;7,0;71,0;4868,0;1865,0;9493,0
2021-03-07 12:30:00;8,0;49,0;4338,0;1102,0;5793,0
2021-03-06 13:30:00;8,5;67,0;4925,0;4797,0;5614,0
2021-03-05 17:30:00;8,5;34,0;1109,0;6847,0;9250,0
2021-03-05 11:00:00;8,3;26,0;3991,0;5756,0;10291,0
2021-03-04 13:00:00;10,5;36,0;4968,0;995,0;10093,0
2021-03-02 18:00:00;11,3;44,0;481,0;1740,0;13124,0
2021-03-01 10:00:00;8,2;95,0;3791,0;2837,0;11964,0
2021-02-28 13:00:00;9,9;85,0;5938,0;5196,0;5636,0
2021-02-27 13:00:00;10,2;81,0;5966,0;7718,0;6017,0
2021-02-26 15:30:00;11,5;54,0;3257,0;3676,0;6838,0
2021-02-26 10:30:00;10,2;66,0;3036,0;2123,0;10065,0
2021-02-26 08:00:00;10,2;66,0;149,0;2390,0;13544,0
2021-02-25 17:30:00;12,5;48,0;849,0;1437,0;9849,0
2021-02-25 10:30:00;11,4;51,0;3421,0;2261,0;9258,0
2021-02-24 08:30:00;11,3;81,0;526,0;6953,0;9455,0
2021-02-22 15:30:00;11,7;7,0;1069,0;3657,0;10139,0
2021-02-22 14:30:00;11,6;8,0;1460,0;3998,0;9827,0
2021-02-22 08:30:00;11,0;10,0;114,0;6047,0;10574,0
2021-02-21 17:00:00;11,9;33,0;991,0;5548,0;6940,0
2021-02-20 16:00:00;12,1;42,0;2864,0;11971,0;6056,0
2021-02-20 13:30:00;11,4;41,0;4510,0;11572,0;5982,0
2021-02-19 13:30:00;9,6;40,0;4464,0;6161,0;8431,0
2021-02-18 17:30:00;8,4;31,0;474,0;9124,0;8615,0
2021-02-18 12:00:00;8,5;8,0;2105,0;10070,0;10763,0
2021-02-16 13:00:00;7,2;17,0;3426,0;6740,0;13230,0
2021-02-15 17:30:00;6,2;29,0;466,0;7407,0;12997,0
2021-02-15 09:30:00;2,7;35,0;1557,0;10047,0;15407,0
2021-02-13 13:00:00;1,7;31,0;3646,0;8235,0;11290,0
2021-02-12 15:30:00;3,0;28,0;1282,0;8774,0;11614,0
2021-02-12 11:30:00;2,2;13,0;1240,0;8568,0;15650,0
2021-02-11 17:30:00;3,5;38,0;340,0;7401,0;13922,0
2021-02-11 10:00:00;1,8;48,0;2134,0;5353,0;16593,0
2021-02-10 15:00:00;4,3;46,0;3023,0;6263,0;11571,0
2021-02-10 10:00:00;3,1;29,0;1269,0;7282,0;16278,0
2021-02-09 17:00:00;4,9;8,0;303,0;5368,0;12237,0
2021-02-09 13:30:00;4,7;7,0;1969,0;2727,0;15794,0
2021-02-09 12:30:00;4,5;8,0;2122,0;2349,0;16273,0
2021-02-08 10:30:00;5,4;17,0;1595,0;1061,0;14959,0
2021-02-07 16:30:00;7,0;26,0;1150,0;3924,0;9440,0
2021-02-06 12:00:00;9,3;5,0;1043,0;2543,0;11621,0
2021-02-05 17:00:00;10,2;20,0;688,0;1456,0;10157,0
2021-02-05 15:00:00;10,4;15,0;2359,0;1503,0;10170,0
2021-02-05 13:00:00;10,3;17,0;2394,0;1512,0;12193,0
2021-02-04 16:30:00;10,3;22,0;904,0;2365,0;11520,0
2021-02-03 17:30:00;10,0;52,0;319,0;11598,0;8882,0
2021-02-03 11:30:00;10,6;17,0;1879,0;12507,0;11340,0
2021-02-02 09:30:00;9,6;24,0;730,0;11059,0;10614,0
2021-02-01 16:00:00;9,1;12,0;1014,0;6397,0;10903,0
2021-02-01 13:00:00;9,3;9,0;1844,0;6069,0;12812,0
2021-01-31 10:00:00;7,9;32,0;1192,0;2322,0;9037,0
2021-01-29 09:30:00;8,6;36,0;612,0;13687,0;11903,0
2021-01-28 17:30:00;9,2;23,0;127,0;11603,0;10083,0
2021-01-28 14:00:00;9,1;15,0;2345,0;13413,0;10553,0
2021-01-28 11:30:00;8,2;15,0;1712,0;13680,0;11620,0
2021-01-27 11:00:00;5,0;14,0;1453,0;4217,0;15103,0
2021-01-26 13:00:00;4,7;29,0;3721,0;2951,0;14738,0
2021-01-25 10:30:00;4,5;47,0;1512,0;3636,0;16517,0
2021-01-25 09:00:00;4,4;44,0;168,0;4756,0;16135,0
2021-01-24 13:00:00;5,4;40,0;3358,0;6355,0;9026,0
2021-01-24 09:00:00;4,6;47,0;271,0;4398,0;8841,0
2021-01-23 16:30:00;6,1;20,0;503,0;5363,0;9627,0
2021-01-23 14:30:00;6,4;17,0;1517,0;6165,0;9348,0
2021-01-23 09:00:00;6,1;28,0;266,0;6245,0;9421,0
2021-01-22 14:00:00;7,2;22,0;1839,0;3012,0;10799,0
2021-01-21 10:00:00;7,0;11,0;771,0;10402,0;9421,0
2021-01-20 16:00:00;8,1;9,0;971,0;13877,0;6898,0
2021-01-19 13:00:00;5,6;41,0;4277,0;9455,0;11486,0
2021-01-17 13:00:00;5,6;45,0;3312,0;5496,0;7000,0
2021-01-17 10:00:00;4,3;46,0;904,0;5909,0;7175,0
2021-01-16 16:30:00;3,6;16,0;527,0;6741,0;8190,0
2021-01-15 16:00:00;4,4;28,0;1088,0;4239,0;14309,0
2021-01-15 10:30:00;4,7;34,0;1450,0;5413,0;17780,0
2021-01-14 10:00:00;5,6;35,0;947,0;7251,0;12212,0
2021-01-13 11:00:00;4,9;28,0;1559,0;4661,0;14263,0
2021-01-11 16:00:00;2,7;48,0;1563,0;4643,0;10867,0
2021-01-10 11:00:00;0,9;58,0;2212,0;3171,0;6747,0
2021-01-09 10:00:00;0,7;38,0;713,0;3840,0;9180,0
2021-01-08 12:00:00;2,0;58,0;3548,0;804,0;14625,0
2021-01-04 16:30:00;3,1;19,0;354,0;2546,0;9469,0
2021-01-04 12:30:00;2,7;19,0;1650,0;1585,0;11771,0
2021-01-03 15:00:00;3,6;30,0;1516,0;1729,0;5008,0
2021-01-02 13:00:00;3,3;26,0;1737,0;1633,0;9465,0
2021-01-02 10:30:00;2,5;33,0;754,0;1693,0;7661,0
2021-12-31 13:30:00;11,7;75,0;5183,0;3211,0;9680,0
2021-12-30 10:00:00;11,3;36,0;1174,0;8162,0;9109,0
2021-12-29 16:30:00;11,5;22,0;287,0;13778,0;8296,0
2021-12-29 14:00:00;11,3;14,0;1721,0;12091,0;8985,0
2021-12-29 09:30:00;10,4;19,0;314,0;7846,0;12350,0
2021-12-28 11:30:00;9,9;13,0;1268,0;14817,0;7758,0
2021-12-27 14:00:00;9,1;20,0;2061,0;9347,0;8088,0
2021-12-25 13:30:00;7,9;18,0;2880,0;497,0;4637,0
2021-12-23 10:00:00;3,4;50,0;1461,0;8402,0;7178,0
2021-12-22 11:30:00;2,6;43,0;3485,0;2630,0;10473,0
2021-12-21 13:30:00;4,5;70,0;4695,0;837,0;9042,0
2021-12-19 15:00:00;5,8;46,0;2754,0;2087,0;5162,0
2021-12-19 13:00:00;5,6;39,0;3931,0;2099,0;7539,0
2021-12-16 13:30:00;7,3;47,0;3980,0;3210,0;10138,0
2021-12-15 12:30:00;6,7;36,0;3687,0;1307,0;10563,0
2021-12-14 14:30:00;7,0;52,0;3505,0;366,0;10311,0
2021-12-14 11:00:00;5,9;51,0;3214,0;491,0;11021,0
2021-12-13 16:30:00;7,3;65,0;719,0;712,0;8734,0
2021-12-13 13:30:00;7,4;49,0;4195,0;821,0;8935,0
2021-12-12 09:00:00;5,8;49,0;326,0;4863,0;5303,0
2021-12-11 13:00:00;6,4;31,0;3484,0;2068,0;8287,0
2021-12-10 16:00:00;6,2;44,0;647,0;14073,0;8118,0
2021-12-10 12:30:00;6,2;26,0;1849,0;14698,0;9602,0
2021-12-09 11:00:00;5,2;39,0;2350,0;5738,0;12151,0
2021-12-07 09:30:00;5,4;34,0;986,0;5591,0;10422,0
2021-12-06 15:00:00;6,6;34,0;1723,0;6855,0;8512,0
2021-12-06 11:30:00;5,9;30,0;2916,0;2793,0;11247,0
2021-12-05 10:30:00;5,5;42,0;1973,0;6854,0;5460,0
2021-12-02 12:00:00;5,7;38,0;3422,0;8552,0;6336,0
2021-12-01 09:30:00;5,9;39,0;805,0;12879,0;6823,0
2021-11-30 14:00:00;6,1;37,0;3873,0;11235,0;5460,0
2021-11-29 11:30:00;4,5;44,0;3138,0;2195,0;10694,0
2021-11-28 12:30:00;5,2;23,0;3067,0;8819,0;4887,0
2021-11-27 12:00:00;5,4;25,0;3090,0;8414,0;3688,0
2021-11-27 10:00:00;4,9;31,0;1318,0;7887,0;3709,0
2021-11-26 16:00:00;6,7;26,0;910,0;11953,0;4708,0
2021-11-26 09:30:00;5,2;15,0;762,0;5362,0;9874,0
2021-11-25 12:00:00;6,1;13,0;1921,0;2140,0;9225,0
2021-11-24 13:00:00;7,0;37,0;2814,0;1652,0;7917,0
2021-11-21 15:00:00;8,0;11,0;1242,0;3154,0;2593,0
2021-11-21 10:00:00;7,1;11,0;1133,0;1466,0;2694,0
2021-11-20 10:00:00;7,4;40,0;2606,0;639,0;3425,0
2021-11-19 13:30:00;9,5;66,0;5585,0;573,0;6074,0
2021-11-19 09:30:00;7,6;53,0;1922,0;1145,0;9510,0
2021-11-18 13:00:00;9,9;51,0;4992,0;1043,0;5306,0
2021-11-17 15:30:00;9,9;27,0;1362,0;1477,0;5613,0
2021-11-17 13:30:00;9,6;25,0;2562,0;1424,0;6833,0
2021-11-17 10:30:00;8,6;16,0;1529,0;1652,0;8076,0
2021-11-16 10:30:00;8,5;25,0;1651,0;720,0;11322,0
2021-11-15 14:30:00;9,2;11,0;1177,0;3043,0;9401,0
2021-11-13 14:30:00;10,4;14,0;1948,0;2876,0;3745,0
2021-11-13 10:00:00;9,0;15,0;1568,0;4187,0;2857,0
2021-11-12 15:00:00;10,3;42,0;3184,0;2280,0;2569,0
2021-11-10 16:30:00;9,7;49,0;901,0;573,0;8673,0
2021-11-10 12:00:00;8,6;45,0;3993,0;387,0;7467,0
2021-11-10 09:00:00;7,0;50,0;934,0;458,0;9981,0
2021-11-09 13:30:00;9,9;72,0;6198,0;1189,0;4109,0
2021-11-07 13:30:00;10,2;35,0;3709,0;5335,0;3070,0
2021-11-05 17:00:00;10,0;53,0;463,0;1522,0;7700,0
2021-11-05 08:00:00;8,2;49,0;138,0;2771,0;7212,0
2021-11-02 12:00:00;11,9;32,0;4369,0;3667,0;5141,0
2021-11-01 16:30:00;12,5;41,0;1319,0;5965,0;4710,0
2021-11-01 13:00:00;13,2;34,0;5285,0;10036,0;4203,0
2021-10-30 14:30:00;13,7;14,0;2361,0;7393,0;2732,0
2021-10-30 10:00:00;12,8;8,0;460,0;9031,0;3218,0
2021-10-29 09:30:00;12,0;32,0;712,0;11938,0;5637,0
2021-10-28 12:00:00;12,1;86,0;5865,0;3975,0;3762,0
2021-10-27 14:30:00;13,5;82,0;6572,0;1662,0;2500,0
2021-10-27 09:00:00;10,8;63,0;378,0;1875,0;7549,0
2021-10-25 16:30:00;14,0;44,0;2834,0;2136,0;2989,0
2021-10-25 13:00:00;12,7;50,0;5077,0;1629,0;3648,0
2021-10-25 09:30:00;10,5;60,0;1152,0;2434,0;6310,0
2021-10-24 12:30:00;11,8;90,0;6989,0;1951,0;1663,0
2021-10-22 18:00:00;13,1;61,0;1026,0;3098,0;6057,0
2021-10-21 15:00:00;14,7;32,0;4502,0;10314,0;3108,0
2021-10-18 18:00:00;14,9;32,0;974,0;3191,0;7735,0
2021-10-18 16:00:00;15,1;32,0;4217,0;2956,0;3188,0
2021-10-17 14:30:00;14,1;63,0;6563,0;1067,0;2017,0
2021-10-17 12:00:00;12,0;61,0;5987,0;751,0;2681,0
2021-10-16 08:30:00;10,4;74,0;133,0;1423,0;4578,0
2021-10-15 11:00:00;11,3;51,0;4493,0;465,0;3727,0
2021-10-14 14:30:00;13,9;95,0;7667,0;1057,0;2082,0
2021-10-13 15:30:00;14,0;65,0;6083,0;1700,0;2444,0
2021-10-13 10:30:00;11,9;72,0;4031,0;1353,0;4506,0
2021-10-12 18:00:00;14,1;58,0;1709,0;3471,0;3937,0
2021-10-12 09:30:00;11,5;71,0;1782,0;2207,0;5423,0
2021-10-11 16:00:00;14,9;70,0;5710,0;2633,0;2467,0
2021-10-10 13:30:00;14,4;60,0;7124,0;1235,0;2251,0
2021-10-09 19:00:00;14,6;64,0;184,0;2065,0;4816,0
2021-10-09 13:30:00;14,9;70,0;6746,0;1665,0;2740,0
2021-10-08 08:30:00;12,3;84,0;285,0;3656,0;9849,0
2021-10-05 10:00:00;14,0;36,0;1659,0;9305,0;7850,0
2021-10-04 12:00:00;15,0;43,0;4454,0;4657,0;5752,0
2021-10-03 17:00:00;16,1;20,0;1518,0;5913,0;3355,0
2021-10-03 13:00:00;16,2;17,0;2398,0;8740,0;3876,0
2021-10-03 09:30:00;15,9;16,0;521,0;8336,0;3410,0
2021-10-02 18:00:00;17,4;19,0;1036,0;13916,0;4679,0
2021-10-01 14:30:00;16,8;29,0;5179,0;6146,0;2818,0
2021-09-30 19:00:00;16,0;83,0;581,0;2601,0;8417,0
2021-09-30 15:30:00;16,9;72,0;7032,0;3781,0;3411,0
2021-09-30 09:00:00;13,7;77,0;1393,0;2039,0;7073,0
2021-09-29 16:30:00;17,3;56,0;4870,0;7866,0;2340,0
2021-09-29 13:00:00;16,8;51,0;6200,0;7719,0;3370,0
2021-09-29 08:30:00;15,5;57,0;385,0;6704,0;6084,0
2021-09-28 14:30:00;17,7;38,0;5594,0;2002,0;3749,0
2021-09-28 08:30:00;15,6;44,0;465,0;1568,0;7194,0
2021-09-26 10:00:00;17,3;26,0;1928,0;2702,0;3269,0
2021-09-25 16:00:00;19,8;33,0;4400,0;1162,0;2816,0
2021-09-25 13:30:00;19,2;38,0;5356,0;1090,0;2850,0
2021-09-25 12:00:00;18,0;38,0;4742,0;1016,0;3330,0
2021-09-23 10:30:00;15,9;95,0;5165,0;475,0;4533,0
2021-09-22 18:30:00;18,4;88,0;1880,0;1063,0;6432,0
2021-09-21 16:00:00;18,4;52,0;5455,0;1680,0;4486,0
2021-09-20 12:30:00;17,5;25,0;4890,0;1495,0;5539,0
2021-09-20 09:30:00;16,6;30,0;1443,0;1302,0;7514,0
2021-09-19 15:30:00;18,9;28,0;4591,0;2483,0;3558,0
2021-09-19 09:00:00;17,3;38,0;1054,0;3051,0;3876,0
2021-09-18 12:00:00;19,2;45,0;5048,0;800,0;4544,0
2021-09-17 13:00:00;20,0;58,0;7060,0;557,0;5292,0
2021-09-16 10:30:00;19,3;27,0;2057,0;458,0;6168,0
2021-09-15 17:00:00;21,1;22,0;2885,0;1520,0;5559,0
2021-09-15 10:30:00;20,1;16,0;2238,0;1818,0;5711,0
2021-09-14 13:00:00;21,4;13,0;4258,0;1558,0;5701,0
2021-09-13 09:00:00;18,4;64,0;1821,0;1522,0;5337,0
2021-09-12 13:00:00;20,9;73,0;8065,0;144,0;2653,0
2021-09-11 19:30:00;20,9;74,0;511,0;822,0;6823,0
2021-09-11 16:30:00;21,8;52,0;5777,0;1253,0;3252,0
2021-09-11 12:30:00;20,6;55,0;7076,0;1153,0;3720,0
2021-09-11 09:30:00;19,4;63,0;2546,0;996,0;5275,0
2021-09-10 10:00:00;20,7;18,0;1957,0;1337,0;6577,0
2021-09-09 16:30:00;22,5;21,0;3408,0;2957,0;3972,0
2021-09-09 08:30:00;21,6;30,0;533,0;2006,0;6300,0
2021-09-08 18:00:00;23,8;55,0;2632,0;2685,0;5450,0
2021-09-08 08:30:00;21,6;65,0;810,0;4821,0;6239,0
2021-09-07 13:00:00;23,7;77,0;7668,0;3280,0;3824,0
2021-09-06 18:30:00;24,0;87,0;2704,0;1143,0;5542,0
2021-09-06 15:00:00;24,2;91,0;7986,0;888,0;3666,0
2021-09-05 17:30:00;23,5;72,0;4678,0;289,0;3407,0
2021-09-05 13:30:00;22,6;81,0;8182,0;123,0;3620,0
2021-09-04 20:00:00;21,0;71,0;215,0;621,0;6386,0
2021-09-04 14:30:00;22,0;54,0;6774,0;301,0;3085,0
2021-09-03 20:00:00;20,6;57,0;202,0;986,0;7885,0
2021-09-03 14:30:00;21,5;46,0;5594,0;638,0;3879,0
2021-09-02 18:00:00;21,4;58,0;2598,0;3993,0;5723,0
2021-09-02 13:00:00;20,2;63,0;5627,0;4419,0;4545,0
2021-09-01 19:00:00;20,2;75,0;1422,0;6431,0;7224,0
2021-09-01 15:30:00;20,6;74,0;7133,0;5934,0;4321,0
2021-09-01 14:00:00;20,2;75,0;7822,0;5857,0;4426,0
2021-09-01 11:30:00;18,5;72,0;6859,0;4812,0;4861,0
2021-08-30 16:00:00;19,9;39,0;6049,0;3853,0;4785,0
2021-08-29 17:30:00;19,8;49,0;4482,0;4200,0;2896,0
2021-08-29 10:00:00;17,4;67,0;3920,0;2324,0;3517,0
2021-08-28 11:30:00;18,5;75,0;6752,0;2841,0;4127,0
2021-08-28 10:30:00;18,0;79,0;5418,0;2425,0;5306,0
2021-08-27 17:00:00;20,7;51,0;5465,0;3709,0;4669,0
2021-08-27 10:00:00;18,4;76,0;4351,0;2069,0;5735,0
2021-08-26 11:30:00;19,5;80,0;6492,0;2782,0;5469,0
2021-08-25 10:30:00;19,0;87,0;5474,0;2466,0;5668,0
2021-08-24 14:00:00;21,1;45,0;6607,0;7376,0;5025,0
2021-08-24 13:00:00;20,6;47,0;6489,0;7183,0;4864,0
2021-08-23 15:00:00;20,9;50,0;6694,0;3726,0;5726,0
2021-08-23 11:30:00;19,8;61,0;6125,0;3034,0;5403,0
2021-08-22 19:00:00;21,2;64,0;1825,0;4393,0;4803,0
2021-08-22 15:00:00;21,3;32,0;5692,0;5673,0;3442,0
2021-08-21 14:30:00;22,3;51,0;6995,0;1580,0;3806,0
2021-08-21 12:30:00;21,3;50,0;6666,0;1007,0;3816,0
2021-08-20 20:30:00;21,0;82,0;163,0;673,0;9476,0
2021-08-19 18:30:00;20,4;41,0;2336,0;1926,0;6097,0
2021-08-19 12:30:00;19,6;28,0;4968,0;1579,0;6251,0
2021-08-18 15:30:00;20,3;25,0;4843,0;2627,0;4750,0
2021-08-18 12:30:00;19,6;22,0;4760,0;2079,0;6814,0
2021-08-17 19:30:00;20,1;34,0;1000,0;4662,0;6924,0
2021-08-17 17:30:00;20,5;28,0;3724,0;5363,0;5252,0
2021-08-17 13:00:00;20,3;27,0;5757,0;3588,0;5872,0
2021-08-16 13:30:00;21,5;29,0;5966,0;6700,0;5422,0
2021-08-16 09:00:00;21,6;39,0;1739,0;5002,0;7504,0
2021-08-14 19:30:00;25,1;94,0;1456,0;625,0;7519,0
2021-08-12 19:30:00;23,4;65,0;1235,0;1173,0;9154,0
2021-08-11 17:30:00;23,4;77,0;5376,0;487,0;6503,0
2021-08-09 20:30:00;19,9;78,0;333,0;1532,0;9829,0
2021-08-09 17:00:00;20,9;56,0;5777,0;4317,0;6152,0
2021-08-09 09:00:00;17,4;43,0;2100,0;2811,0;6900,0
2021-08-08 20:00:00;19,4;48,0;813,0;3786,0;7069,0
2021-08-08 18:30:00;20,0;44,0;2890,0;4798,0;5961,0
2021-08-08 07:30:00;17,4;64,0;268,0;4497,0;5585,0
2021-08-07 18:00:00;19,3;29,0;3167,0;8637,0;5331,0
2021-08-07 10:00:00;18,1;21,0;2445,0;4239,0;6676,0
2021-08-06 19:00:00;20,2;35,0;2093,0;5110,0;7192,0
2021-08-06 18:00:00;20,5;34,0;3498,0;6085,0;5551,0
2021-08-06 10:00:00;18,3;27,0;3119,0;7856,0;5776,0
2021-08-05 17:30:00;20,4;33,0;4030,0;6456,0;6937,0
2021-08-05 15:30:00;20,2;30,0;5816,0;5517,0;6243,0
2021-08-05 13:00:00;19,5;27,0;6106,0;3353,0;8094,0
2021-08-04 18:30:00;19,1;26,0;2364,0;1734,0;8180,0
2021-08-03 18:00:00;19,2;12,0;2256,0;1804,0;7453,0
2021-08-02 19:00:00;20,2;42,0;2457,0;1497,0;8622,0
2021-08-02 16:00:00;20,6;37,0;6224,0;1635,0;5562,0
2021-08-02 09:30:00;18,0;46,0;3322,0;724,0;6623,0
2021-08-01 20:00:00;19,8;47,0;928,0;2303,0;7800,0
2021-08-01 14:00:00;20,2;24,0;6171,0;2986,0;5834,0
2021-07-31 14:30:00;20,5;20,0;4555,0;3377,0;5249,0
2021-07-31 10:00:00;19,1;27,0;2733,0;2569,0;5388,0
2021-07-29 18:00:00;22,4;62,0;4184,0;2284,0;6236,0
2021-07-29 10:00:00;19,5;65,0;4158,0;2880,0;5841,0
2021-07-28 14:00:00;21,4;27,0;5784,0;6178,0;6727,0
2021-07-27 20:30:00;20,8;45,0;388,0;3095,0;9243,0
2021-07-27 13:30:00;21,4;29,0;4880,0;2625,0;7692,0
2021-07-26 11:00:00;21,2;39,0;4492,0;1669,0;7433,0
2021-07-25 13:30:00;22,3;36,0;6128,0;3432,0;6104,0
2021-07-24 16:00:00;22,9;25,0;5179,0;3432,0;6535,0
2021-07-23 20:30:00;24,3;30,0;473,0;4661,0;8939,0
2021-07-23 09:30:00;22,9;53,0;3060,0;1541,0;8789,0
2021-07-22 14:30:00;25,2;94,0;8133,0;1501,0;6647,0
2021-07-22 13:30:00;24,9;94,0;8147,0;1600,0;7059,0
2021-07-22 07:30:00;22,8;93,0;470,0;2007,0;8440,0
2021-07-21 19:30:00;24,9;87,0;1983,0;1559,0;9625,0
2021-07-21 13:00:00;24,2;90,0;7677,0;1320,0;6616,0
2021-07-20 10:00:00;22,4;99,0;4895,0;1196,0;7852,0
2021-07-19 18:00:00;24,7;90,0;4794,0;4100,0;7963,0
2021-07-19 17:00:00;24,8;90,0;6359,0;3985,0;6991,0
2021-07-18 13:30:00;22,7;96,0;8370,0;4661,0;6582,0
2021-07-17 17:30:00;21,7;81,0;5629,0;3857,0;6944,0
2021-07-17 09:30:00;18,3;65,0;3406,0;2124,0;7304,0
2021-07-17 08:00:00;18,0;67,0;939,0;2404,0;7593,0
2021-07-16 19:00:00;20,1;63,0;2575,0;4370,0;9432,0
2021-07-16 10:00:00;18,3;37,0;3491,0;3104,0;9334,0
2021-07-15 07:30:00;17,5;42,0;347,0;6970,0;7322,0
2021-07-14 15:30:00;19,1;22,0;4219,0;6310,0;7100,0
2021-07-14 12:00:00;18,1;15,0;3600,0;5823,0;8055,0
2021-07-13 17:30:00;18,9;24,0;3226,0;6115,0;7899,0
2021-07-13 12:00:00;18,1;20,0;3917,0;3406,0;8842,0
2021-07-12 20:30:00;18,7;14,0;413,0;3087,0;9331,0
2021-07-12 18:30:00;19,4;12,0;1956,0;3016,0;8294,0
2021-07-11 10:30:00;18,5;47,0;5130,0;260,0;6607,0
2021-07-10 16:00:00;20,1;31,0;5469,0;1772,0;6294,0
2021-07-09 09:00:00;18,0;47,0;2836,0;511,0;9414,0
2021-07-08 12:30:00;19,2;26,0;5248,0;1490,0;8692,0
2021-07-07 14:00:00;20,0;34,0;6086,0;1736,0;6965,0
2021-07-07 10:00:00;18,6;39,0;3869,0;1403,0;7425,0
2021-07-06 15:00:00;19,9;14,0;4544,0;8237,0;7326,0
2021-07-05 20:00:00;21,0;54,0;1125,0;3921,0;10169,0
2021-07-05 16:30:00;21,2;45,0;6008,0;4235,0;6825,0
2021-07-05 15:00:00;20,9;44,0;6624,0;4293,0;7150,0
2021-07-05 08:00:00;18,6;43,0;914,0;2765,0;8006,0
2021-07-04 20:30:00;19,4;22,0;544,0;3273,0;9191,0
2021-07-04 16:00:00;19,9;23,0;4908,0;4301,0;7286,0
2021-07-03 13:00:00;20,4;17,0;4791,0;1274,0;7506,0
2021-07-03 07:00:00;19,5;17,0;199,0;1992,0;7248,0
2021-07-02 14:30:00;21,5;49,0;7371,0;330,0;8163,0
2021-07-02 11:30:00;20,0;62,0;6660,0;168,0;8856,0
2021-07-01 19:00:00;20,6;49,0;2623,0;1061,0;9926,0
2021-06-30 17:30:00;19,2;39,0;4172,0;2427,0;7881,0
2021-06-30 09:00:00;17,3;36,0;2184,0;2031,0;9944,0
2021-06-29 20:00:00;18,5;39,0;1037,0;2310,0;9734,0
2021-06-28 15:00:00;20,0;19,0;4868,0;1233,0;8115,0
2021-06-27 14:00:00;19,9;15,0;4172,0;1238,0;6273,0
2021-06-27 11:00:00;19,0;13,0;3169,0;1017,0;6671,0
2021-06-26 21:00:00;19,5;37,0;222,0;1378,0;9486,0
2021-06-26 17:00:00;21,1;44,0;5214,0;809,0;7307,0
2021-06-26 10:30:00;18,0;52,0;5028,0;187,0;7893,0
2021-06-25 18:30:00;19,9;44,0;3483,0;1181,0;8876,0
2021-06-25 08:30:00;16,8;49,0;2058,0;1160,0;9795,0
2021-06-23 14:00:00;19,2;18,0;4916,0;1638,0;8836,0
2021-06-23 13:00:00;18,9;19,0;4539,0;1531,0;9868,0
2021-06-22 17:00:00;19,9;29,0;4045,0;3677,0;8182,0
2021-06-21 13:00:00;21,7;42,0;6037,0;716,0;9407,0
2021-06-20 20:00:00;21,2;22,0;889,0;2416,0;8385,0
2021-06-20 18:30:00;21,5;19,0;2337,0;2080,0;7885,0
2021-06-20 15:30:00;22,0;19,0;4954,0;1204,0;6406,0
2021-06-20 10:00:00;21,1;20,0;2898,0;1673,0;6856,0
2021-06-19 21:00:00;21,9;23,0;209,0;4121,0;8817,0
2021-06-19 15:30:00;23,3;24,0;4913,0;1392,0;7069,0
2021-06-19 11:00:00;22,1;30,0;4300,0;869,0;7817,0
2021-06-18 18:30:00;23,5;32,0;3107,0;5765,0;10162,0
2021-06-18 08:00:00;22,1;36,0;1047,0;2853,0;10510,0
2021-06-17 19:00:00;23,1;8,0;1066,0;1725,0;11787,0
2021-06-17 11:00:00;23,0;20,0;3669,0;3168,0;8104,0
2021-06-17 07:30:00;23,1;23,0;527,0;2179,0;9941,0
2021-06-16 21:00:00;24,5;38,0;195,0;1359,0;10065,0
2021-06-16 17:00:00;25,8;50,0;4750,0;1029,0;8622,0
2021-06-15 19:30:00;24,7;91,0;1977,0;288,0;9926,0
2021-06-15 17:00:00;25,1;84,0;5921,0;254,0;7760,0
2021-06-15 11:30:00;23,0;92,0;7031,0;283,0;7731,0
2021-06-14 20:00:00;24,2;86,0;1152,0;1182,0;11850,0
2021-06-14 11:00:00;22,5;98,0;6629,0;390,0;7900,0
2021-06-13 16:30:00;23,9;100,0;6020,0;1272,0;6554,0
2021-06-13 12:30:00;22,4;99,0;6862,0;1092,0;6644,0
2021-06-13 09:00:00;20,5;99,0;3452,0;985,0;7350,0
2021-06-12 13:00:00;21,6;64,0;6909,0;913,0;8144,0
2021-06-12 12:00:00;21,1;62,0;6291,0;826,0;7587,0
2021-06-12 08:00:00;20,3;58,0;1164,0;1247,0;8384,0
2021-06-11 15:00:00;22,6;63,0;7033,0;969,0;8196,0
2021-06-11 13:00:00;21,9;68,0;7455,0;753,0;8648,0
2021-06-10 18:30:00;22,3;62,0;3463,0;1049,0;9057,0
2021-06-10 14:30:00;22,0;65,0;7365,0;507,0;8203,0
2021-06-09 21:00:00;20,6;68,0;244,0;1365,0;10919,0
2021-06-09 16:30:00;21,8;72,0;6057,0;1048,0;8613,0
2021-06-08 17:00:00;21,2;57,0;5518,0;768,0;8967,0
2021-06-08 15:30:00;20,9;56,0;6791,0;691,0;8602,0
2021-06-07 19:30:00;19,8;49,0;1692,0;1342,0;10394,0
2021-06-07 18:30:00;19,9;46,0;3051,0;1356,0;9000,0
2021-06-07 12:30:00;19,1;49,0;5975,0;813,0;9515,0
2021-06-07 10:00:00;17,7;61,0;4270,0;698,0;10106,0
2021-06-06 13:30:00;18,9;33,0;5923,0;1425,0;9275,0
2021-06-05 07:30:00;17,4;52,0;543,0;2530,0;8537,0
2021-06-04 17:30:00;19,0;19,0;2062,0;1994,0;10038,0
2021-06-04 16:00:00;19,2;20,0;3367,0;2538,0;7970,0
2021-06-04 13:30:00;19,2;23,0;4150,0;1219,0;8816,0
2021-06-04 09:30:00;18,6;30,0;2506,0;974,0;10127,0
2021-06-03 19:30:00;20,1;38,0;1276,0;1089,0;10959,0
2021-06-02 21:00:00;19,4;59,0;187,0;1606,0;10441,0
2021-06-01 14:00:00;20,8;69,0;6589,0;3122,0;7517,0
2021-06-01 10:00:00;18,2;69,0;4451,0;2337,0;8237,0
2021-05-31 17:00:00;20,2;89,0;5876,0;2484,0;8066,0
2021-05-31 12:00:00;18,4;93,0;7376,0;3318,0;6793,0
2021-05-30 16:30:00;18,9;67,0;5322,0;2538,0;5655,0
2021-05-29 10:30:00;16,1;42,0;4591,0;1498,0;7995,0
2021-05-28 17:30:00;17,9;56,0;4770,0;1015,0;8486,0
2021-05-28 13:00:00;16,6;66,0;7540,0;1251,0;8526,0
2021-05-27 10:00:00;13,3;64,0;4797,0;458,0;10108,0
2021-05-26 18:00:00;14,5;32,0;3578,0;5475,0;8641,0
2021-05-26 14:30:00;14,2;32,0;5948,0;6790,0;9015,0
2021-05-25 21:00:00;13,2;46,0;147,0;6232,0;10459,0
2021-05-24 20:30:00;12,7;50,0;438,0;10351,0;10787,0
2021-05-24 12:30:00;13,2;26,0;4642,0;9194,0;8337,0
2021-05-24 08:30:00;12,4;26,0;1085,0;7102,0;7892,0
2021-05-22 10:30:00;12,8;25,0;3616,0;11040,0;8373,0
2021-05-21 17:30:00;14,3;19,0;2502,0;12304,0;8433,0
2021-05-21 14:00:00;14,4;22,0;4461,0;12259,0;7903,0
2021-05-20 17:00:00;15,5;43,0;5480,0;8047,0;8631,0
2021-05-20 10:00:00;12,2;48,0;4672,0;1830,0;10045,0
2021-05-19 15:30:00;13,7;46,0;6060,0;6864,0;8537,0
2021-05-19 09:30:00;12,1;39,0;3208,0;3712,0;10652,0
2021-05-19 07:00:00;12,0;45,0;190,0;3520,0;10209,0
2021-05-18 09:30:00;12,3;23,0;2618,0;2379,0;10938,0
2021-05-17 13:00:00;13,6;28,0;6076,0;11502,0;9380,0
2021-05-17 10:30:00;12,8;24,0;3920,0;11098,0;9363,0
2021-05-16 14:00:00;14,2;17,0;4184,0;8286,0;7538,0
2021-05-16 08:30:00;12,2;15,0;771,0;3624,0;8054,0
2021-05-15 15:30:00;13,5;12,0;3222,0;9329,0;7919,0
2021-05-15 10:00:00;12,2;7,0;1966,0;5619,0;8529,0
2021-05-14 11:00:00;12,6;31,0;4867,0;3459,0;8628,0
2021-05-13 19:30:00;13,6;37,0;1072,0;2062,0;8865,0
2021-05-13 15:30:00;14,1;34,0;5260,0;2550,0;7413,0
2021-05-13 07:00:00;12,3;45,0;130,0;4967,0;7623,0
2021-05-12 19:30:00;13,9;23,0;1013,0;3076,0;9456,0
2021-05-12 14:30:00;14,4;27,0;5406,0;2473,0;8272,0
2021-05-12 08:00:00;12,5;45,0;986,0;1518,0;8698,0
2021-05-11 20:00:00;14,0;57,0;748,0;5233,0;9112,0
2021-05-11 14:00:00;14,0;22,0;5196,0;4667,0;8086,0
2021-05-10 09:30:00;15,0;29,0;2113,0;7122,0;9132,0
2021-05-09 19:30:00;16,5;10,0;631,0;9190,0;7271,0
2021-05-09 14:00:00;17,6;29,0;4599,0;8570,0;4913,0
2021-05-09 10:00:00;15,0;33,0;3215,0;7455,0;6157,0
2021-05-08 08:00:00;11,4;47,0;943,0;5315,0;8178,0
2021-05-07 14:00:00;12,9;41,0;6223,0;2077,0;7205,0
2021-05-07 10:00:00;10,9;46,0;3608,0;2087,0;8052,0
2021-05-06 11:30:00;11,2;19,0;3304,0;4883,0;7520,0
2021-05-05 13:30:00;12,2;41,0;6324,0;8092,0;5751,0
2021-05-04 18:00:00;12,8;27,0;2728,0;10561,0;5175,0
2021-05-04 11:00:00;11,5;30,0;4485,0;12004,0;5994,0
2021-05-03 19:30:00;13,1;66,0;1428,0;7583,0;7955,0
2021-05-03 08:30:00;8,8;93,0;1978,0;935,0;9192,0
2021-05-02 10:30:00;10,1;65,0;5350,0;857,0;6398,0
2021-05-01 20:00:00;10,9;39,0;537,0;2989,0;7423,0
2021-04-30 16:30:00;12,4;20,0;3087,0;716,0;5749,0
2021-04-29 13:30:00;12,5;17,0;4098,0;2109,0;7066,0
2021-04-29 11:00:00;11,9;20,0;3051,0;2068,0;6818,0
2021-04-28 20:00:00;12,9;32,0;411,0;3338,0;6652,0
2021-04-28 12:30:00;13,7;25,0;3926,0;1100,0;5549,0
2021-04-27 14:30:00;14,8;62,0;5512,0;603,0;5445,0
2021-04-26 18:00:00;14,2;35,0;1988,0;6464,0;4569,0
2021-04-26 16:00:00;14,4;37,0;3600,0;6916,0;3823,0
2021-04-26 08:30:00;12,7;17,0;850,0;6838,0;6957,0
2021-04-25 17:30:00;14,9;25,0;2893,0;9232,0;3635,0
2021-04-24 15:30:00;16,1;84,0;7507,0;4157,0;2415,0
2021-04-24 09:30:00;12,4;89,0;3819,0;3774,0;3610,0
2021-04-23 10:00:00;11,6;100,0;4923,0;1992,0;5272,0
2021-04-22 18:00:00;13,9;76,0;4040,0;4689,0;3046,0
2021-04-22 14:00:00;13,4;81,0;7710,0;3901,0;4059,0
2021-04-21 12:30:00;12,2;46,0;5516,0;1783,0;5736,0
2021-04-21 07:30:00;10,2;61,0;157,0;1354,0;5057,0
2021-04-20 17:30:00;12,9;38,0;3225,0;694,0;3586,0
2021-04-20 10:30:00;10,0;59,0;4518,0;303,0;6678,0
2021-04-19 19:30:00;11,4;73,0;1032,0;685,0;6776,0
2021-04-19 11:30:00;9,7;85,0;6537,0;547,0;6079,0
2021-04-18 18:00:00;10,4;59,0;3117,0;1917,0;3087,0
2021-04-18 10:00:00;7,6;80,0;4212,0;1633,0;4339,0
2021-04-17 18:30:00;9,8;44,0;1981,0;5863,0;3351,0
2021-04-17 16:00:00;9,9;40,0;4819,0;5214,0;2802,0
2021-04-17 10:00:00;7,0;69,0;3415,0;3066,0;5703,0
2021-04-16 14:30:00;8,9;52,0;6269,0;5626,0;4141,0
2021-04-16 09:30:00;6,5;91,0;3458,0;2161,0;9390,0
2021-04-15 13:30:00;8,7;64,0;7450,0;4360,0;5748,0
2021-04-15 10:30:00;7,1;92,0;5606,0;2722,0;6892,0
2021-04-14 19:00:00;9,4;83,0;2020,0;5419,0;7243,0
2021-04-14 17:00:00;10,0;76,0;5545,0;5480,0;4266,0
2021-04-13 18:30:00;9,6;68,0;2902,0;2798,0;5531,0
2021-04-12 18:00:00;9,3;59,0;3707,0;2533,0;5704,0
2021-04-12 16:00:00;9,4;47,0;5946,0;2915,0;5816,0
2021-04-12 14:00:00;9,1;43,0;6367,0;2995,0;7533,0
2021-04-12 08:00:00;7,2;80,0;403,0;2189,0;8029,0
2021-04-11 17:30:00;9,2;14,0;1923,0;6332,0;3824,0
2021-04-11 12:30:00;9,0;8,0;2872,0;5927,0;6451,0
2021-04-10 18:00:00;11,0;9,0;1559,0;5250,0;5131,0
2021-04-10 08:30:00;8,8;14,0;418,0;4589,0;5033,0
2021-04-09 17:30:00;11,8;24,0;2422,0;5040,0;5485,0
2021-04-09 12:00:00;9,8;45,0;5079,0;3107,0;8566,0
2021-04-09 08:00:00;6,5;37,0;311,0;4161,0;7809,0
2021-04-07 19:30:00;8,3;79,0;928,0;4109,0;8802,0
2021-04-06 17:30:00;8,7;57,0;4598,0;8346,0;5003,0
2021-04-06 15:30:00;8,9;53,0;6641,0;7226,0;6927,0
2021-04-06 11:30:00;8,3;59,0;5818,0;4901,0;7403,0
2021-04-06 10:00:00;7,8;65,0;3733,0;3019,0;10072,0
2021-04-05 16:30:00;11,4;42,0;5268,0;8649,0;2985,0
2021-04-05 09:00:00;9,1;62,0;1662,0;5566,0;4794,0
2021-04-04 10:00:00;10,1;90,0;3980,0;1990,0;6407,0
2021-04-03 17:30:00;12,5;85,0;4784,0;9580,0;4732,0
2021-04-03 11:00:00;11,4;49,0;4990,0;10486,0;4841,0
2021-04-02 19:00:00;13,8;86,0;1419,0;10721,0;5613,0
2021-04-02 14:00:00;14,7;90,0;7303,0;7159,0;4404,0
2021-04-01 17:00:00;17,7;92,0;5078,0;3430,0;5745,0
2021-04-01 13:30:00;16,8;90,0;7207,0;1392,0;5603,0
2021-03-31 09:00:00;12,6;82,0;1213,0;2298,0;10024,0
2021-03-27 16:30:00;10,6;59,0;3813,0;6318,0;3807,0
2021-03-27 10:30:00;9,1;74,0;5096,0;7962,0;4655,0
2021-03-26 14:30:00;11,1;21,0;4532,0;8617,0;4371,0
2021-03-26 07:30:00;8,3;40,0;336,0;4358,0;9865,0
2021-03-25 08:00:00;7,8;47,0;740,0;1780,0;9414,0
2021-03-24 16:00:00;11,9;79,0;4904,0;1775,0;4587,0
2021-03-24 13:00:00;10,8;87,0;6994,0;1157,0;4905,0
2021-03-23 16:30:00;10,2;94,0;4129,0;372,0;6387,0
2021-03-23 07:30:00;5,4;94,0;339,0;2518,0;11707,0
2021-03-22 12:30:00;7,6;60,0;6131,0;2626,0;8977,0
2021-03-21 13:00:00;7,7;34,0;5781,0;5401,0;4358,0
2021-03-19 08:00:00;6,4;29,0;330,0;6504,0;11971,0
2021-03-18 18:30:00;7,3;28,0;173,0;4008,0;12573,0
2021-03-18 16:00:00;7,9;18,0;2582,0;4210,0;8723,0
2021-03-16 17:00:00;9,4;35,0;1965,0;4436,0;8853,0
2021-03-16 13:00:00;9,1;29,0;5194,0;3003,0;8604,0
2021-03-15 08:30:00;8,0;24,0;837,0;9184,0;11626,0
2021-03-14 18:30:00;8,5;58,0;280,0;9114,0;7304,0
2021-03-14 07:30:00;7,7;53,0;104,0;9980,0;4702,0
2021-03-13 14:00:00;9,3;28,0;4424,0;14652,0;4655,0
2021-03-13 10:30:00;8,7;43,0;3753,0;14372,0;5547,0
2021-03-13 08:30:00;8,4;40,0;1113,0;14221,0;5953,0
2021-03-12 18:00:00;9,1;46,0;763,0;13376,0;7207,0
2021-03-12 12:00:00;9,1;27,0;4889,0;13072,0;6152,0
2021-03-11 16:30:00;10,1;21,0;1952,0;13771,0;4534,0
2021-03-11 09:30:00;8,6;25,0;1737,0;13856,0;9379,0
2021-03-10 18:30:00;8,3;30,0;186,0;10025,0;8962,0
2021-03-10 15:00:00;9,0;43,0;5082,0;9780,0;6183,0
2021-03-10 12:30:00;8,1;49,0;6093,0;8504,0;7703,0
2021-03-10 10:30:00;6,5;47,0;4588,0;5309,0;9904,0
2021-03-09 16:30:00;8,7;77,0;3243,0;2313,0;8321,0
2021-03-09 12:00:00;7,4;78,0;5941,0;1584,0;9296,0
2021-03-09 09:00:00;5,4;79,0;2080,0;1909,0;12367,0
2021-03-08 16:30:00;8,4;67,0;2715,0;1407,0;8919,0
2021-03-07 12:00:00;7,7;49,0;4174,0;1010,0;5877,0
2021-03-06 09:00:00;6,6;70,0;1573,0;4974,0;7733,0
2021-03-05 09:00:00;8,2;27,0;1403,0;3941,0;13377,0
2021-03-04 17:00:00;10,5;32,0;1742,0;2161,0;10038,0
2021-03-03 14:30:00;11,8;23,0;3914,0;683,0;9033,0
2021-03-03 11:00:00;9,9;26,0;3147,0;705,0;11428,0
2021-03-03 08:00:00;8,6;22,0;155,0;1485,0;14411,0
2021-03-02 10:30:00;9,1;56,0;3424,0;2314,0;10222,0
2021-03-01 15:30:00;11,9;93,0;4575,0;2482,0;7364,0
2021-02-28 16:30:00;10,7;90,0;3025,0;5837,0;5096,0
2021-02-27 17:30:00;10,1;86,0;1401,0;8641,0;6001,0
2021-02-26 16:30:00;11,2;57,0;2179,0;3674,0;7423,0
2021-02-26 12:30:00;11,1;57,0;4263,0;2766,0;8166,0
2021-02-25 16:00:00;13,4;47,0;3071,0;1302,0;8741,0
2021-02-25 12:30:00;12,7;55,0;5002,0;1748,0;7779,0
2021-02-25 09:00:00;11,1;56,0;1361,0;3943,0;9840,0
2021-02-24 13:00:00;13,8;96,0;6082,0;5411,0;6352,0
2021-02-24 11:00:00;12,1;87,0;4352,0;4778,0;7669,0
2021-02-23 17:30:00;12,8;90,0;1099,0;7292,0;7709,0
2021-02-23 15:00:00;13,3;82,0;4602,0;9650,0;6323,0
2021-02-23 13:00:00;12,8;76,0;5216,0;9435,0;6499,0
2021-02-22 10:00:00;10,8;3,0;811,0;5359,0;10595,0
2021-02-21 16:00:00;12,3;35,0;2189,0;5762,0;6308,0
2021-02-20 17:00:00;11,7;43,0;1394,0;11645,0;6434,0
2021-02-19 12:30:00;9,2;38,0;4295,0;6186,0;8388,0
2021-02-18 11:00:00;8,0;7,0;1642,0;10364,0;10850,0
2021-02-18 08:30:00;7,6;15,0;202,0;10919,0;11908,0
2021-02-17 13:00:00;8,7;63,0;5609,0;8081,0;8684,0
2021-02-17 09:30:00;6,5;53,0;1753,0;7786,0;10944,0
2021-02-16 16:30:00;8,0;26,0;1465,0;8506,0;10087,0
2021-02-16 13:30:00;7,3;18,0;3436,0;6863,0;12470,0
2021-02-16 10:00:00;5,0;24,0;1683,0;8702,0;13619,0
2021-02-15 13:00:00;5,3;34,0;4412,0;8364,0;14341,0
2021-02-13 18:00:00;2,0;49,0;164,0;5879,0;15431,0
2021-02-13 08:30:00;0,3;46,0;231,0;7773,0;11450,0
2021-02-11 15:00:00;3,7;35,0;3248,0;6455,0;13106,0
2021-02-11 09:00:00;1,6;50,0;757,0;5702,0;17195,0
2021-02-10 12:00:00;3,7;36,0;2985,0;6553,0;14943,0
2021-02-09 11:00:00;4,2;12,0;1794,0;1806,0;15889,0
2021-02-08 09:00:00;5,5;21,0;411,0;1088,0;13932,0
2021-02-06 17:00:00;9,5;14,0;276,0;4009,0;10170,0
2021-02-06 14:30:00;9,6;5,0;1071,0;3101,0;10258,0
2021-02-04 14:00:00;10,1;20,0;2237,0;1971,0;11400,0
2021-02-04 10:00:00;8,9;17,0;821,0;2503,0;11996,0
2021-02-03 16:30:00;10,3;35,0;1269,0;12149,0;9282,0
2021-02-03 13:30:00;10,8;16,0;2642,0;12729,0;10124,0
2021-02-03 09:00:00;10,3;26,0;292,0;10286,0;10954,0
2021-02-02 15:00:00;11,2;23,0;2179,0;9646,0;8568,0
2021-02-01 10:30:00;8,9;8,0;912,0;5289,0;12035,0
2021-01-29 15:00:00;9,5;24,0;2465,0;14209,0;10006,0
2021-01-29 09:00:00;8,6;39,0;246,0;13917,0;11800,0
2021-01-28 15:30:00;9,3;12,0;1517,0;13038,0;9830,0
2021-01-26 14:00:00;4,8;23,0;3369,0;3496,0;13590,0
2021-01-25 16:30:00;5,4;63,0;1296,0;3404,0;13493,0
2021-01-25 12:00:00;5,0;46,0;2923,0;2891,0;16384,0
2021-01-24 17:00:00;5,3;40,0;407,0;7543,0;10377,0
2021-01-24 10:00:00;4,5;43,0;1321,0;4948,0;9277,0
2021-01-22 16:00:00;7,0;23,0;970,0;3253,0;10055,0
2021-01-22 11:30:00;6,9;21,0;1036,0;2608,0;12381,0
2021-01-21 13:30:00;7,8;2,0;1384,0;11562,0;9054,0
2021-01-20 13:30:00;7,7;9,0;1787,0;12825,0;8665,0
2021-01-20 10:30:00;6,0;13,0;1188,0;12477,0;11552,0
2021-01-19 11:00:00;4,4;54,0;3213,0;10325,0;10999,0
2021-01-18 17:00:00;5,2;53,0;567,0;3816,0;9704,0
2021-01-18 14:30:00;5,5;47,0;3705,0;3462,0;10286,0
2021-01-17 09:30:00;4,2;46,0;450,0;5733,0;6898,0
2021-01-16 13:30:00;3,4;18,0;2411,0;5818,0;10371,0
2021-01-14 16:30:00;6,5;33,0;522,0;10794,0;11605,0
2021-01-12 09:00:00;2,1;25,0;120,0;12839,0;10288,0
2021-01-11 14:30:00;2,3;46,0;3110,0;3780,0;11637,0
2021-01-09 11:00:00;1,1;43,0;1603,0;3497,0;9742,0
2021-01-08 15:00:00;2,9;52,0;2476,0;536,0;13789,0
2021-01-08 10:00:00;1,0;65,0;1308,0;848,0;16134,0
2021-01-07 17:00:00;2,8;44,0;240,0;919,0;13780,0
2021-01-07 15:00:00;3,0;40,0;1979,0;803,0;11553,0
2021-01-06 13:00:00;2,9;30,0;2179,0;684,0;14300,0
2021-01-04 13:00:00;2,8;18,0;1655,0;1655,0;11367,0
2021-01-03 10:00:00;2,6;27,0;689,0;1629,0;5256,0
2021-01-01 13:30:00;4,4;42,0;2060,0;696,0;5926,0
2021-12-31 13:00:00;11,6;75,0;5219,0;3333,0;10351,0
2021-12-30 15:30:00;12,3;59,0;2570,0;6099,0;8328,0
2021-12-29 10:00:00;10,4;18,0;673,0;8191,0;12610,0
2021-12-28 15:30:00;10,0;18,0;775,0;14592,0;7674,0
2021-12-28 11:00:00;9,8;13,0;1038,0;14945,0;7960,0
2021-12-24 16:00:00;7,5;20,0;577,0;2103,0;3761,0
2021-12-23 13:00:00;6,1;36,0;3767,0;6325,0;5813,0
2021-12-23 11:00:00;4,3;46,0;2822,0;7820,0;5969,0
2021-12-21 11:30:00;3,6;70,0;3980,0;1255,0;10547,0
2021-12-21 09:30:00;2,8;70,0;856,0;2501,0;14084,0
2021-12-20 14:30:00;5,0;44,0;3058,0;2688,0;9615,0
2021-12-20 12:00:00;4,6;32,0;3284,0;2760,0;9716,0
2021-12-18 14:30:00;6,9;84,0;4524,0;3729,0;4091,0
2021-12-18 11:00:00;5,4;83,0;3913,0;4367,0;4946,0
2021-12-17 15:00:00;7,2;74,0;3405,0;6086,0;6040,0
2021-12-17 11:00:00;6,0;75,0;3601,0;5784,0;8456,0
2021-12-16 11:00:00;6,2;42,0;2770,0;3001,0;10552,0
2021-12-14 12:00:00;6,3;48,0;4016,0;432,0;11484,0
2021-12-13 15:00:00;7,5;59,0;3071,0;670,0;8185,0
2021-12-12 11:30:00;6,7;33,0;2710,0;4310,0;5053,0
2021-12-11 16:00:00;6,7;50,0;1039,0;2281,0;6019,0
2021-12-10 16:30:00;6,2;43,0;267,0;13775,0;9162,0
2021-12-09 15:00:00;6,2;38,0;1767,0;4721,0;10246,0
2021-12-09 12:00:00;5,7;40,0;2925,0;5212,0;12291,0
2021-12-08 14:00:00;6,2;31,0;2373,0;5086,0;7920,0
2021-12-07 10:30:00;5,6;26,0;1980,0;5949,0;9421,0
2021-12-05 10:00:00;5,4;45,0;1417,0;6881,0;5383,0
2021-12-04 09:30:00;6,7;19,0;391,0;8576,0;4851,0
2021-12-03 12:30:00;5,2;29,0;3437,0;10741,0;6896,0
2021-11-30 16:30:00;6,5;48,0;607,0;11055,0;6122,0
2021-11-30 09:30:00;3,9;47,0;1315,0;10994,0;9824,0
2021-11-29 16:30:00;5,2;51,0;532,0;2608,0;9420,0
2021-11-29 09:00:00;3,7;48,0;480,0;2808,0;12543,0
2021-11-28 13:30:00;5,3;23,0;2769,0;8681,0;4492,0
2021-11-28 10:30:00;4,8;27,0;2133,0;8823,0;2787,0
2021-11-26 14:30:00;6,5;24,0;2280,0;11241,0;5542,0
2021-11-25 13:00:00;6,4;14,0;1906,0;2555,0;10018,0
2021-11-24 14:30:00;7,1;40,0;2133,0;1453,0;7475,0
2021-11-23 15:30:00;8,1;70,0;2287,0;6992,0;5884,0
2021-11-23 09:30:00;6,1;64,0;1660,0;7804,0;7685,0
2021-11-22 16:30:00;7,9;50,0;640,0;10366,0;5522,0
2021-11-21 14:30:00;8,0;11,0;1511,0;3188,0;2956,0
2021-11-21 10:30:00;7,2;11,0;1436,0;1657,0;2465,0
2021-11-19 13:00:00;9,4;64,0;5627,0;590,0;6716,0
2021-11-15 15:30:00;9,2;11,0;730,0;2881,0;9912,0
2021-11-15 12:00:00;9,1;10,0;1752,0;3187,0;9309,0
2021-11-14 09:00:00;9,5;19,0;592,0;2526,0;2301,0
2021-11-13 13:00:00;10,3;15,0;2694,0;3363,0;4898,0
2021-11-13 10:30:00;9,2;15,0;2029,0;4081,0;2972,0
2021-11-12 14:30:00;10,1;42,0;3680,0;2179,0;2667,0
2021-11-11 16:00:00;10,2;52,0;1983,0;240,0;4464,0
2021-11-11 11:30:00;8,4;53,0;4554,0;529,0;4213,0
2021-11-10 15:30:00;9,8;47,0;2251,0;589,0;7027,0
2021-11-09 13:00:00;9,8;74,0;6395,0;1159,0;3905,0
2021-11-08 17:00:00;10,1;58,0;448,0;1795,0;9807,0
2021-11-07 12:30:00;9,9;33,0;4014,0;5165,0;3591,0
2021-11-06 16:30:00;10,0;51,0;1531,0;3382,0;3547,0
2021-11-05 13:00:00;10,2;40,0;5086,0;1593,0;6798,0
2021-11-03 14:30:00;11,2;36,0;3386,0;2690,0;5492,0
2021-11-02 17:00:00;11,7;30,0;317,0;1510,0;9135,0
2021-11-02 15:00:00;12,2;29,0;2888,0;2308,0;5963,0
2021-11-02 12:30:00;12,1;30,0;4413,0;3729,0;5343,0
2021-11-01 11:30:00;12,6;34,0;4580,0;8803,0;4135,0
2021-10-31 15:00:00;14,7;30,0;2092,0;12603,0;2123,0
2021-10-28 18:30:00;13,9;83,0;210,0;7275,0;4465,0
2021-10-28 10:30:00;10,9;86,0;3507,0;5100,0;5406,0
2021-10-26 10:00:00;11,3;48,0;1591,0;2315,0;6146,0
2021-10-25 16:00:00;13,9;45,0;3538,0;2079,0;2770,0
2021-10-24 17:30:00;14,1;78,0;2347,0;2192,0;2355,0
2021-10-23 13:00:00;12,8;80,0;7190,0;1035,0;2836,0
2021-10-22 10:00:00;12,2;77,0;2100,0;2870,0;7809,0
2021-10-21 13:30:00;14,6;29,0;4801,0;11712,0;3350,0
2021-10-20 11:00:00;15,1;18,0;2329,0;12145,0;4401,0
2021-10-18 15:00:00;14,8;38,0;5280,0;2698,0;2743,0
2021-10-16 16:30:00;14,4;84,0;4903,0;325,0;1965,0
2021-10-16 09:30:00;10,6;75,0;1714,0;1199,0;4977,0
2021-10-15 13:00:00;13,1;57,0;6776,0;203,0;2606,0
2021-10-14 17:00:00;14,7;97,0;4416,0;758,0;2574,0
2021-10-11 19:00:00;13,7;74,0;207,0;2553,0;8079,0
2021-10-11 14:00:00;14,6;73,0;7281,0;2278,0;2301,0
2021-10-10 15:30:00;15,1;72,0;6437,0;1500,0;2144,0
2021-10-10 13:00:00;14,1;58,0;6989,0;1097,0;2269,0
2021-10-09 08:30:00;12,4;73,0;226,0;2559,0;4480,0
2021-10-08 16:30:00;16,1;79,0;5288,0;4147,0;3952,0
2021-10-08 13:30:00;15,2;82,0;7656,0;3354,0;3939,0
2021-10-07 17:00:00;16,0;63,0;4238,0;1755,0;5756,0
2021-10-07 11:00:00;13,6;72,0;5266,0;1244,0;8664,0
2021-10-06 17:00:00;15,7;57,0;4135,0;7692,0;5615,0
2021-10-05 15:00:00;15,5;21,0;3474,0;10595,0;5709,0
2021-10-04 17:00:00;16,2;25,0;2692,0;5219,0;5374,0
2021-10-04 08:30:00;14,2;50,0;130,0;5355,0;8332,0
2021-10-03 19:00:00;15,4;31,0;256,0;4572,0;4185,0
2021-10-03 08:30:00;15,9;14,0;110,0;8619,0;2332,0
2021-10-02 19:00:00;17,1;19,0;148,0;14202,0;5078,0
2021-09-30 10:30:00;14,4;78,0;4909,0;1496,0;5595,0
2021-09-29 14:00:00;17,1;42,0;6114,0;7579,0;3099,0
2021-09-28 16:30:00;18,0;29,0;3465,0;2207,0;4250,0
2021-09-27 17:00:00;18,8;40,0;3338,0;7319,0;3336,0
2021-09-27 11:00:00;17,4;35,0;3262,0;7003,0;4419,0
2021-09-26 18:30:00;18,7;57,0;1360,0;2738,0;5361,0
2021-09-26 15:30:00;19,2;35,0;4934,0;2698,0;3470,0
2021-09-25 19:00:00;19,1;36,0;412,0;1176,0;6992,0
2021-09-25 16:30:00;19,9;32,0;3876,0;1121,0;2889,0
2021-09-25 12:30:00;18,4;38,0;5168,0;1052,0;3452,0
2021-09-25 08:30:00;15,9;50,0;430,0;1638,0;3970,0
2021-09-24 11:00:00;16,8;79,0;5743,0;651,0;4677,0
2021-09-23 18:00:00;19,3;89,0;2946,0;1310,0;4821,0
2021-09-23 11:00:00;16,5;94,0;6059,0;556,0;3990,0
2021-09-22 19:00:00;18,1;88,0;856,0;1170,0;8203,0
2021-09-20 14:30:00;18,1;27,0;5340,0;1632,0;5018,0
2021-09-20 10:00:00;16,7;28,0;2068,0;1279,0;7097,0
2021-09-19 14:00:00;18,8;29,0;5239,0;2360,0;3316,0
2021-09-18 16:30:00;20,3;37,0;3593,0;1268,0;3678,0
2021-09-17 14:30:00;20,7;55,0;7082,0;549,0;5044,0
2021-09-16 14:00:00;20,4;16,0;4590,0;351,0;5180,0
2021-09-16 11:30:00;19,6;23,0;3005,0;419,0;5840,0
2021-09-14 15:30:00;22,2;13,0;3917,0;2422,0;4569,0
2021-09-14 11:00:00;20,2;16,0;3030,0;1647,0;5775,0
2021-09-13 14:30:00;22,5;56,0;6927,0;1150,0;3868,0
2021-09-12 15:30:00;21,8;72,0;7241,0;160,0;2426,0
2021-09-10 19:00:00;20,9;56,0;1194,0;2402,0;6612,0
2021-09-09 10:00:00;21,5;22,0;2066,0;1658,0;5644,0
2021-09-08 14:00:00;23,9;54,0;6208,0;3076,0;3657,0
2021-09-07 10:30:00;21,7;78,0;4951,0;1824,0;4642,0
2021-09-06 08:00:00;20,0;85,0;303,0;1005,0;5912,0
2021-09-04 13:30:00;21,6;53,0;7005,0;297,0;3245,0
2021-09-03 08:00:00;18,4;34,0;230,0;2009,0;8230,0
2021-09-02 19:00:00;21,0;62,0;1268,0;4033,0;8198,0
2021-09-02 10:30:00;18,3;71,0;3994,0;3931,0;6007,0
2021-09-01 18:30:00;20,5;75,0;2330,0;6435,0;5807,0
2021-08-31 13:30:00;19,7;48,0;7388,0;3554,0;4685,0
2021-08-30 18:30:00;19,8;60,0;2664,0;4793,0;5390,0
2021-08-30 17:30:00;20,1;46,0;4391,0;4462,0;4528,0
2021-08-30 14:00:00;19,3;38,0;6594,0;3616,0;5510,0
2021-08-30 09:30:00;17,2;47,0;2791,0;2718,0;7185,0
2021-08-28 16:30:00;20,2;54,0;6221,0;5219,0;3619,0
2021-08-28 08:30:00;17,4;87,0;1238,0;2860,0;4365,0
2021-08-27 11:30:00;19,1;68,0;6372,0;2709,0;4967,0
2021-08-26 17:30:00;21,2;72,0;4950,0;4561,0;4470,0
2021-08-26 08:30:00;18,3;84,0;1208,0;2501,0;7152,0
2021-08-25 14:30:00;21,5;88,0;8055,0;4243,0;4172,0
2021-08-25 10:00:00;18,7;87,0;4501,0;2416,0;5708,0
2021-08-23 16:30:00;21,2;50,0;5703,0;4339,0;5112,0
2021-08-23 08:30:00;19,0;66,0;1134,0;2582,0;6826,0
2021-08-22 19:30:00;21,0;69,0;1049,0;4010,0;5020,0
2021-08-22 13:00:00;20,7;31,0;5649,0;4818,0;4549,0
2021-08-21 09:00:00;18,9;58,0;2088,0;1408,0;4634,0
2021-08-20 17:30:00;22,4;74,0;5152,0;559,0;5191,0
2021-08-19 13:30:00;19,9;30,0;5403,0;1770,0;5694,0
2021-08-18 19:00:00;20,2;31,0;1429,0;2803,0;6406,0
2021-08-18 13:00:00;19,8;22,0;4990,0;2159,0;7053,0
2021-08-17 14:00:00;20,5;24,0;5778,0;3869,0;5521,0
2021-08-17 08:30:00;19,6;45,0;1204,0;1577,0;5963,0
2021-08-16 18:00:00;21,3;36,0;3199,0;6645,0;5756,0
2021-08-15 17:30:00;24,5;49,0;3714,0;5997,0;4490,0
2021-08-14 11:30:00;23,1;97,0;6864,0;626,0;5569,0
2021-08-13 19:30:00;24,1;92,0;1548,0;1008,0;9473,0
2021-08-13 12:30:00;22,7;62,0;6788,0;768,0;5965,0
2021-08-12 15:30:00;24,0;65,0;6434,0;610,0;6114,0
2021-08-12 12:30:00;22,6;68,0;6580,0;363,0;6197,0
2021-08-11 19:00:00;22,9;72,0;2522,0;445,0;9350,0
2021-08-11 14:30:00;22,6;84,0;8056,0;566,0;6595,0
2021-08-11 07:30:00;19,0;88,0;270,0;811,0;6899,0
2021-08-10 12:00:00;20,1;65,0;7018,0;1145,0;6101,0
2021-08-10 11:00:00;19,4;67,0;6006,0;1028,0;5877,0
2021-08-10 07:30:00;18,0;69,0;258,0;1123,0;6465,0
2021-08-09 12:00:00;18,9;43,0;6083,0;4079,0;5475,0
2021-08-08 13:00:00;19,1;41,0;5975,0;5983,0;5315,0
2021-08-07 15:00:00;19,4;23,0;4949,0;8058,0;5668,0
2021-08-07 08:30:00;18,1;29,0;816,0;3447,0;6107,0
2021-08-06 16:00:00;20,5;33,0;4831,0;6594,0;5246,0
2021-08-05 20:30:00;19,2;28,0;289,0;6495,0;9069,0
2021-08-05 11:00:00;18,5;29,0;4620,0;2131,0;7294,0
2021-08-04 09:30:00;17,4;13,0;1300,0;913,0;8303,0
2021-08-03 19:30:00;18,8;14,0;888,0;1622,0;8410,0
2021-08-03 17:00:00;19,4;11,0;3137,0;1820,0;6132,0
2021-08-03 14:30:00;19,4;11,0;4303,0;1786,0;7279,0
2021-08-03 12:00:00;18,7;17,0;4492,0;1170,0;7154,0
2021-08-02 13:30:00;20,0;34,0;6835,0;1106,0;5916,0
2021-08-01 17:30:00;20,6;41,0;4442,0;3311,0;5597,0
2021-08-01 16:00:00;20,5;34,0;5783,0;3205,0;5560,0
2021-07-30 16:30:00;21,7;28,0;4433,0;10826,0;5424,0
2021-07-30 13:00:00;21,1;34,0;5354,0;8130,0;5887,0
2021-07-29 16:30:00;22,4;57,0;5962,0;3059,0;6117,0
2021-07-28 19:00:00;21,8;50,0;2343,0;6222,0;7232,0
2021-07-28 17:30:00;22,0;37,0;4278,0;7156,0;6035,0
2021-07-26 09:30:00;20,7;38,0;2833,0;1353,0;7748,0
2021-07-25 20:00:00;22,2;35,0;963,0;2610,0;8624,0
2021-07-25 08:30:00;21,3;38,0;1380,0;2471,0;5668,0
2021-07-24 13:30:00;23,1;27,0;5448,0;2346,0;7072,0
2021-07-24 12:30:00;22,9;27,0;5025,0;2501,0;6983,0
2021-07-23 21:00:00;24,1;33,0;167,0;5230,0;8106,0
2021-07-23 13:30:00;24,8;48,0;6566,0;3435,0;8386,0
2021-07-22 18:30:00;25,3;94,0;3895,0;1866,0;8406,0
2021-07-22 08:00:00;22,7;94,0;1009,0;1805,0;8987,0
2021-07-21 14:30:00;24,8;93,0;8039,0;1265,0;6833,0
2021-07-21 07:30:00;22,6;73,0;449,0;1597,0;7705,0
2021-07-20 12:30:00;23,7;99,0;7939,0;1969,0;6530,0
2021-07-20 07:00:00;22,4;99,0;164,0;2589,0;7319,0
2021-07-19 07:30:00;21,3;91,0;475,0;3739,0;7907,0
2021-07-18 12:30:00;22,0;95,0;7928,0;4139,0;6574,0
2021-07-17 19:30:00;21,5;83,0;2156,0;4123,0;8316,0
2021-07-16 18:30:00;20,1;60,0;3375,0;4471,0;8228,0
2021-07-16 15:00:00;19,8;43,0;5874,0;4002,0;7540,0
2021-07-15 15:30:00;20,1;29,0;5163,0;6318,0;8268,0
2021-07-15 08:00:00;17,5;39,0;720,0;6590,0;7801,0
2021-07-14 16:30:00;19,3;25,0;4000,0;6229,0;6904,0
2021-07-14 10:00:00;17,5;16,0;2315,0;5592,0;7184,0
2021-07-13 19:30:00;18,4;24,0;1111,0;6085,0;8725,0
2021-07-13 15:00:00;18,7;22,0;4407,0;4278,0;8046,0
2021-07-12 08:00:00;18,7;15,0;592,0;1972,0;8150,0
2021-07-11 17:00:00;21,5;56,0;6024,0;353,0;6326,0
2021-07-11 14:30:00;20,5;52,0;7524,0;299,0;6094,0
2021-07-10 20:00:00;19,3;39,0;1088,0;1823,0;8990,0
2021-07-10 15:30:00;20,0;31,0;5633,0;1499,0;6199,0
2021-07-10 11:00:00;19,0;39,0;4925,0;428,0;6248,0
2021-07-09 16:30:00;20,6;48,0;6245,0;680,0;6803,0
2021-07-09 07:00:00;17,9;56,0;238,0;872,0;7418,0
2021-07-08 10:30:00;18,6;29,0;3861,0;1099,0;8137,0
2021-07-07 17:30:00;20,5;29,0;3578,0;1701,0;7635,0
2021-07-07 12:00:00;19,4;38,0;5663,0;1495,0;7471,0
2021-07-07 09:00:00;18,4;39,0;2354,0;1453,0;7638,0
2021-07-06 19:00:00;19,7;14,0;1889,0;4708,0;8688,0
2021-07-06 14:30:00;19,9;14,0;4551,0;8675,0;7577,0
2021-07-06 08:00:00;19,2;24,0;652,0;9365,0;7398,0
2021-07-05 11:00:00;19,3;37,0;4972,0;3072,0;7017,0
2021-07-04 07:00:00;19,5;10,0;101,0;982,0;7025,0
2021-07-02 08:00:00;18,0;60,0;1273,0;353,0;9650,0
2021-07-01 14:30:00;20,1;43,0;6595,0;1157,0;9329,0
2021-07-01 09:30:00;17,5;57,0;3905,0;348,0;8984,0
2021-06-30 13:00:00;18,4;28,0;5442,0;2247,0;10506,0
2021-06-29 17:30:00;19,4;30,0;3996,0;2447,0;8453,0
2021-06-29 11:00:00;18,2;33,0;4331,0;1283,0;9042,0
2021-06-28 18:00:00;20,0;24,0;3084,0;2006,0;8588,0
2021-06-28 10:30:00;18,7;34,0;3770,0;859,0;8825,0
2021-06-28 09:00:00;18,2;32,0;2181,0;908,0;9022,0
2021-06-27 14:30:00;20,0;17,0;4160,0;1302,0;6142,0
2021-06-26 20:30:00;19,8;35,0;509,0;1137,0;9735,0
2021-06-26 16:00:00;20,7;44,0;6160,0;743,0;7084,0
2021-06-25 15:30:00;19,8;36,0;6470,0;1474,0;7660,0
2021-06-25 13:00:00;19,1;37,0;6653,0;1558,0;8687,0
2021-06-24 20:30:00;18,9;57,0;592,0;1766,0;9756,0
2021-06-24 13:30:00;18,9;35,0;4972,0;1458,0;9064,0
2021-06-23 15:30:00;19,4;19,0;4329,0;1716,0;8237,0
2021-06-21 11:00:00;20,9;46,0;5116,0;669,0;9079,0
2021-06-21 07:30:00;19,9;39,0;635,0;1599,0;8692,0
2021-06-20 09:30:00;21,0;22,0;2522,0;1670,0;6926,0
2021-06-19 13:00:00;22,8;24,0;5270,0;1199,0;8166,0
2021-06-17 17:00:00;23,6;9,0;2721,0;1891,0;8512,0
2021-06-16 11:00:00;23,8;78,0;5470,0;519,0;8262,0
2021-06-16 07:30:00;22,5;82,0;680,0;1147,0;8250,0
2021-06-15 15:30:00;24,8;88,0;7309,0;225,0;7303,0
2021-06-15 10:30:00;22,4;91,0;5845,0;299,0;8086,0
2021-06-14 19:00:00;24,5;89,0;2916,0;1047,0;11226,0
2021-06-13 17:30:00;24,0;100,0;5731,0;1544,0;7414,0
2021-06-12 18:00:00;22,6;79,0;4681,0;1774,0;7542,0
2021-06-12 16:00:00;22,6;72,0;6004,0;1306,0;6704,0
2021-06-11 17:30:00;22,8;64,0;4716,0;1271,0;8854,0
2021-06-10 15:00:00;22,1;64,0;7218,0;556,0;8052,0
2021-06-09 14:00:00;21,3;72,0;7161,0;669,0;9104,0
2021-06-08 08:00:00;17,6;80,0;1327,0;776,0;10371,0
2021-06-07 15:30:00;19,9;38,0;5816,0;812,0;7731,0
2021-06-07 14:30:00;19,8;34,0;6160,0;775,0;8137,0
2021-06-07 09:00:00;17,3;57,0;2727,0;705,0;10375,0
2021-06-06 16:30:00;19,3;33,0;5108,0;1668,0;7403,0
2021-06-06 07:00:00;16,8;63,0;271,0;1793,0;7730,0
2021-06-05 20:00:00;18,7;59,0;1059,0;1635,0;10281,0
2021-06-05 13:00:00;18,1;50,0;6360,0;2167,0;8504,0
2021-06-05 07:00:00;17,5;51,0;215,0;2570,0;8088,0
2021-06-04 18:30:00;18,7;21,0;1456,0;2241,0;10556,0
2021-06-04 12:30:00;19,0;26,0;4157,0;1240,0;8839,0
2021-06-03 07:30:00;18,9;48,0;586,0;1238,0;8539,0
2021-06-02 18:00:00;19,9;40,0;3425,0;3366,0;8327,0
2021-06-02 13:00:00;19,5;19,0;5056,0;2439,0;7990,0
2021-06-01 20:00:00;20,4;46,0;668,0;2873,0;10724,0
2021-06-01 08:00:00;17,6;63,0;1262,0;4169,0;9149,0
2021-05-31 14:00:00;19,4;92,0;7764,0;3354,0;6982,0
2021-05-30 19:00:00;18,6;72,0;2575,0;3446,0;7702,0
2021-05-29 16:30:00;18,4;52,0;5358,0;2994,0;7099,0
2021-05-28 14:30:00;17,2;64,0;7347,0;1073,0;8787,0
2021-05-26 20:00:00;14,1;34,0;899,0;3705,0;11176,0
2021-05-26 11:30:00;13,1;42,0;5255,0;6703,0;9555,0
2021-05-25 17:30:00;14,3;41,0;4407,0;10785,0;8070,0
2021-05-25 15:00:00;14,1;37,0;5952,0;10959,0;8528,0
2021-05-24 20:00:00;12,9;46,0;844,0;10520,0;11366,0
2021-05-24 17:00:00;13,2;24,0;3805,0;10505,0;7968,0
2021-05-24 08:00:00;12,4;27,0;647,0;7190,0;7822,0
2021-05-23 17:30:00;14,9;30,0;4096,0;7377,0;7653,0
2021-05-23 15:30:00;14,6;33,0;5671,0;6426,0;6313,0
2021-05-23 10:30:00;12,7;34,0;4584,0;5265,0;8022,0
2021-05-22 12:30:00;13,5;25,0;5014,0;10483,0;9355,0
2021-05-21 14:30:00;14,4;21,0;4439,0;12391,0;7866,0
2021-05-20 16:00:00;15,1;45,0;6578,0;7913,0;8405,0
2021-05-20 14:30:00;14,6;48,0;7469,0;6709,0;8142,0
2021-05-20 09:30:00;12,0;49,0;3930,0;1455,0;10831,0
2021-05-19 11:30:00;12,8;37,0;5477,0;4655,0;9037,0
2021-05-18 19:30:00;13,4;36,0;1089,0;3352,0;10168,0
2021-05-18 13:00:00;13,6;25,0;4762,0;2931,0;8323,0
2021-05-17 09:30:00;12,5;24,0;2759,0;11124,0;9553,0
2021-05-16 15:00:00;14,2;16,0;4124,0;8221,0;7736,0
2021-05-15 16:30:00;13,7;13,0;2929,0;9214,0;7885,0
2021-05-15 13:00:00;13,1;9,0;3278,0;7883,0;7705,0
2021-05-15 08:00:00;11,8;11,0;594,0;4512,0;8987,0
2021-05-14 10:30:00;12,4;31,0;4124,0;3299,0;9261,0
2021-05-13 08:30:00;12,2;41,0;1619,0;4448,0;8087,0
2021-05-12 18:00:00;14,1;20,0;2441,0;2753,0;8641,0
2021-05-12 16:30:00;14,3;19,0;4074,0;2457,0;8112,0
2021-05-10 15:30:00;15,2;23,0;4089,0;5741,0;8035,0
2021-05-10 09:00:00;15,1;30,0;1574,0;6661,0;9655,0
2021-05-09 12:30:00;16,8;31,0;4638,0;8475,0;5350,0
2021-05-08 18:00:00;16,8;61,0;4102,0;7826,0;7136,0
2021-05-08 14:00:00;15,5;64,0;7574,0;8175,0;6818,0
2021-05-08 09:00:00;11,7;51,0;2600,0;5050,0;8255,0
2021-05-06 19:00:00;11,9;16,0;1098,0;5996,0;8621,0
2021-05-06 09:00:00;10,5;16,0;1398,0;3178,0;8234,0
2021-05-05 18:00:00;12,3;35,0;3497,0;7284,0;6084,0
2021-05-04 13:30:00;12,5;26,0;5672,0;11885,0;5471,0
2021-05-04 09:30:00;10,7;28,0;2861,0;12242,0;6078,0
2021-05-03 10:30:00;10,4;92,0;5895,0;1071,0;7711,0
2021-05-02 09:30:00;9,5;69,0;3707,0;834,0;6425,0
2021-04-30 17:00:00;12,4;19,0;2699,0;705,0;5701,0
2021-04-30 08:00:00;10,8;20,0;410,0;1369,0;7625,0
2021-04-29 10:30:00;11,8;23,0;2693,0;2204,0;7300,0
2021-04-28 08:30:00;12,2;34,0;707,0;1009,0;7134,0
2021-04-27 19:30:00;14,6;56,0;787,0;726,0;6717,0
2021-04-27 13:00:00;14,1;64,0;5530,0;840,0;5619,0
2021-04-27 09:30:00;12,2;59,0;2441,0;988,0;6702,0
2021-04-26 19:30:00;13,9;32,0;665,0;6073,0;6466,0
2021-04-26 11:30:00;13,0;29,0;3681,0;6791,0;4046,0
2021-04-25 09:00:00;12,9;61,0;2247,0;7717,0;2997,0
2021-04-24 18:30:00;15,9;72,0;3042,0;5128,0;3147,0
2021-04-24 16:00:00;16,2;82,0;7054,0;4085,0;2438,0
2021-04-23 13:00:00;13,9;99,0;8159,0;3355,0;3144,0
2021-04-21 19:00:00;12,5;55,0;1741,0;4342,0;4950,0
2021-04-21 15:00:00;13,0;31,0;5248,0;2568,0;3875,0
2021-04-20 18:00:00;12,8;40,0;2522,0;741,0;4272,0
2021-04-20 13:30:00;12,2;47,0;6441,0;480,0;4042,0
2021-04-20 08:30:00;8,9;54,0;1237,0;660,0;8301,0
2021-04-19 15:30:00;11,7;64,0;6560,0;674,0;3754,0
2021-04-18 19:30:00;10,0;64,0;969,0;2008,0;4698,0
2021-04-18 17:00:00;10,7;57,0;4385,0;1882,0;2623,0
2021-04-17 20:00:00;9,2;52,0;357,0;5431,0;5035,0
2021-04-17 11:00:00;7,6;70,0;5193,0;3884,0;4039,0
2021-04-16 16:30:00;9,1;44,0;4648,0;6066,0;3879,0
2021-04-15 15:30:00;9,2;61,0;6898,0;4520,0;4405,0
2021-04-15 14:00:00;9,0;59,0;7387,0;4306,0;5080,0
2021-04-15 08:30:00;6,4;96,0;1354,0;3883,0;10083,0
2021-04-14 16:00:00;9,8;78,0;6634,0;5186,0;4458,0
2021-04-14 08:00:00;6,4;87,0;529,0;3340,0;8643,0
2021-04-13 16:30:00;9,9;68,0;6217,0;2500,0;5042,0
2021-04-12 09:30:00;7,3;75,0;2957,0;1605,0;10224,0
2021-04-10 20:00:00;10,2;18,0;202,0;4763,0;6853,0
2021-04-10 12:30:00;10,1;10,0;3330,0;4921,0;6985,0
2021-04-09 15:30:00;11,6;35,0;4741,0;4699,0;4927,0
2021-04-09 09:30:00;7,2;42,0;2081,0;3537,0;10778,0
2021-04-08 11:30:00;7,8;87,0;6618,0;588,0;6117,0
2021-04-07 12:30:00;7,5;80,0;7296,0;5847,0;5915,0
2021-04-07 08:30:00;5,6;86,0;938,0;3988,0;9822,0
2021-04-06 15:00:00;8,9;52,0;6692,0;6696,0;6358,0
2021-04-06 12:30:00;8,5;55,0;6361,0;6050,0;6916,0
2021-04-05 14:30:00;11,4;49,0;6654,0;8209,0;3073,0
2021-04-05 08:30:00;9,0;66,0;849,0;5575,0;4625,0
2021-04-04 14:00:00;12,1;87,0;7492,0;1939,0;3993,0
2021-04-04 11:30:00;10,8;88,0;6417,0;1785,0;4587,0
2021-04-03 19:00:00;12,0;84,0;1692,0;9392,0;6038,0
2021-04-03 08:00:00;12,0;68,0;219,0;8295,0;5843,0
2021-04-02 10:30:00;13,4;83,0;4454,0;6088,0;5910,0
2021-04-01 17:30:00;17,4;89,0;4291,0;3999,0;5904,0
2021-03-31 19:00:00;16,5;69,0;1088,0;854,0;10113,0
2021-03-31 12:30:00;15,3;78,0;6282,0;834,0;6418,0
2021-03-30 10:00:00;11,7;97,0;3120,0;2025,0;8296,0
2021-03-29 18:30:00;14,7;99,0;2177,0;954,0;5394,0
2021-03-29 15:30:00;14,7;99,0;6560,0;1281,0;4447,0
2021-03-29 14:30:00;14,3;100,0;7009,0;1428,0;4409,0
2021-03-28 16:00:00;12,4;88,0;5683,0;2672,0;3562,0
2021-03-28 12:00:00;10,2;88,0;6147,0;4989,0;4341,0
2021-03-27 12:00:00;9,7;55,0;5894,0;8246,0;4589,0
2021-03-26 12:00:00;10,3;29,0;5293,0;7287,0;5515,0
2021-03-25 17:30:00;10,7;67,0;1814,0;1711,0;7682,0
2021-03-25 10:30:00;8,8;48,0;4154,0;1246,0;7749,0
2021-03-24 08:30:00;6,5;96,0;2084,0;1119,0;9880,0
2021-03-23 14:30:00;9,6;93,0;6449,0;400,0;6203,0
2021-03-23 10:00:00;6,8;94,0;4818,0;1109,0;7453,0
2021-03-23 08:00:00;5,5;94,0;1018,0;2420,0;11763,0
2021-03-22 14:00:00;8,1;61,0;6123,0;2701,0;7675,0
2021-03-22 09:30:00;6,1;57,0;3324,0;2637,0;10101,0
2021-03-21 17:30:00;8,0;37,0;1171,0;7071,0;4444,0
2021-03-21 11:30:00;6,9;41,0;5432,0;4996,0;4890,0
2021-03-20 18:00:00;7,5;88,0;1159,0;4841,0;6476,0
2021-03-20 12:30:00;7,1;72,0;6661,0;4488,0;5080,0
2021-03-19 18:00:00;7,2;62,0;687,0;9731,0;8179,0
2021-03-19 15:00:00;7,6;44,0;3775,0;11383,0;6448,0
2021-03-19 09:30:00;6,5;27,0;1961,0;7936,0;11100,0
2021-03-18 13:00:00;7,8;22,0;4407,0;3628,0;10982,0
2021-03-16 12:00:00;8,7;31,0;5035,0;2591,0;8919,0
2021-03-15 17:00:00;9,2;31,0;1775,0;8745,0;6905,0
2021-03-15 13:30:00;9,3;18,0;3872,0;9116,0;8043,0
2021-03-14 17:00:00;9,0;47,0;2391,0;10350,0;4195,0
2021-03-14 14:00:00;9,0;33,0;5346,0;10090,0;4129,0
2021-03-13 17:30:00;8,8;34,0;1141,0;13617,0;5040,0
2021-03-13 08:00:00;8,4;37,0;479,0;14288,0;5186,0
2021-03-12 16:00:00;9,7;30,0;3595,0;13967,0;5027,0
2021-03-12 11:30:00;8,8;31,0;4470,0;12638,0;6132,0
2021-03-10 12:00:00;7,7;49,0;5887,0;7758,0;8222,0
2021-03-09 10:30:00;6,4;77,0;4626,0;1359,0;10901,0
2021-03-08 12:00:00;7,3;71,0;5262,0;1900,0;9511,0
2021-03-08 08:00:00;5,5;66,0;374,0;3220,0;14387,0
2021-03-07 15:00:00;8,8;48,0;3401,0;993,0;4623,0
2021-03-06 12:30:00;8,1;68,0;5048,0;4925,0;5354,0
2021-03-06 09:30:00;6,7;68,0;2322,0;4579,0;7923,0
2021-03-05 16:30:00;8,8;30,0;2507,0;6814,0;8313,0
2021-03-05 15:30:00;8,9;27,0;3611,0;6144,0;7508,0
2021-03-05 12:30:00;8,6;25,0;4939,0;6193,0;9042,0
2021-03-04 08:30:00;9,0;34,0;683,0;948,0;14251,0
2021-03-02 09:00:00;8,0;59,0;1385,0;3611,0;13597,0
2021-03-01 17:00:00;11,5;92,0;2095,0;2592,0;8740,0
2021-02-27 16:00:00;10,7;86,0;4021,0;8601,0;5342,0
2021-02-25 17:00:00;12,8;48,0;1604,0;1352,0;10027,0
2021-02-24 16:30:00;14,2;93,0;3085,0;5413,0;8051,0
2021-02-24 14:00:00;14,0;95,0;5924,0;5896,0;6005,0
2021-02-23 18:00:00;12,6;92,0;432,0;6736,0;8342,0
2021-02-22 11:00:00;10,9;6,0;1344,0;5069,0;9098,0
2021-02-21 14:30:00;12,1;42,0;3496,0;6450,0;5748,0
2021-02-20 15:00:00;11,8;42,0;3943,0;12139,0;5713,0
2021-02-19 14:30:00;10,0;42,0;4119,0;6060,0;8812,0
2021-02-19 10:30:00;8,1;36,0;2638,0;5368,0;10326,0
2021-02-18 17:00:00;8,6;27,0;782,0;9507,0;8479,0
2021-02-18 11:30:00;8,2;8,0;1899,0;10285,0;10679,0
2021-02-17 18:00:00;8,4;74,0;252,0;4769,0;13132,0
2021-02-16 18:00:00;7,5;37,0;140,0;8707,0;11356,0
2021-02-15 15:30:00;6,2;24,0;2875,0;7488,0;12346,0
2021-02-14 12:00:00;2,0;48,0;4126,0;7305,0;10230,0
2021-02-13 14:30:00;2,1;30,0;3468,0;7952,0;10217,0
2021-02-13 10:00:00;0,5;33,0;1807,0;8001,0;12307,0
2021-02-12 12:00:00;2,3;15,0;1385,0;8636,0;15513,0
2021-02-11 17:00:00;3,7;36,0;850,0;7425,0;14110,0
2021-02-11 10:30:00;2,1;47,0;2748,0;5602,0;16594,0
2021-02-09 09:00:00;4,0;17,0;418,0;1774,0;16506,0
2021-02-08 17:30:00;5,5;14,0;223,0;1663,0;11716,0
2021-02-08 15:00:00;5,9;9,0;1418,0;1170,0;11760,0
2021-02-07 17:30:00;6,8;28,0;286,0;3745,0;9929,0
2021-02-07 11:30:00;7,2;22,0;2062,0;4514,0;10018,0
2021-02-06 15:00:00;9,6;5,0;968,0;3337,0;9623,0
2021-02-05 11:00:00;9,4;14,0;1386,0;1555,0;11719,0
2021-02-05 10:00:00;9,1;13,0;775,0;1653,0;11847,0
2021-02-04 12:30:00;9,7;19,0;2264,0;2298,0;11913,0
2021-02-03 14:30:00;10,7;20,0;2567,0;12406,0;9731,0
2021-02-01 14:00:00;9,3;10,0;1881,0;6535,0;11508,0
2021-01-31 09:00:00;8,1;40,0;284,0;2413,0;9130,0
2021-01-30 15:00:00;8,9;6,0;1293,0;7082,0;10807,0
2021-01-30 09:30:00;8,6;12,0;319,0;7072,0;11191,0
2021-01-27 12:30:00;5,8;16,0;2087,0;3980,0;14191,0
2021-01-27 09:30:00;4,3;19,0;529,0;4846,0;14704,0
2021-01-25 15:00:00;5,5;55,0;2783,0;3157,0;12391,0
2021-01-24 12:30:00;5,2;41,0;3207,0;5901,0;9368,0
2021-01-23 10:30:00;6,0;20,0;1251,0;6123,0;10407,0
2021-01-22 15:30:00;7,1;22,0;1265,0;3346,0;9716,0
2021-01-21 09:00:00;7,0;21,0;137,0;10222,0;10321,0
2021-01-20 17:00:00;8,1;11,0;302,0;14582,0;7440,0
2021-01-20 12:30:00;7,3;10,0;1920,0;12599,0;9489,0
2021-01-19 14:30:00;6,1;52,0;3907,0;8954,0;9978,0
2021-01-18 13:00:00;5,3;48,0;4280,0;2970,0;12181,0
2021-01-18 09:30:00;3,7;56,0;844,0;3147,0;15753,0
2021-01-17 12:00:00;5,2;46,0;2931,0;5506,0;7130,0
2021-01-16 15:30:00;3,6;13,0;1337,0;6655,0;7683,0
2021-01-16 10:00:00;2,8;32,0;1166,0;4188,0;9675,0
2021-01-15 12:30:00;4,8;31,0;2622,0;5418,0;15847,0
2021-01-12 16:30:00;4,7;20,0;378,0;8248,0;11725,0
2021-01-12 14:30:00;4,4;15,0;1520,0;9674,0;11936,0
2021-01-12 10:30:00;2,7;17,0;845,0;12385,0;12142,0
2021-01-11 11:30:00;1,3;48,0;3019,0;2878,0;12376,0
2021-01-10 12:30:00;1,7;59,0;3261,0;2926,0;7103,0
2021-01-09 13:00:00;2,0;51,0;2896,0;4237,0;8334,0
2021-01-08 16:30:00;2,9;52,0;679,0;578,0;11345,0
2021-01-07 10:00:00;1,5;56,0;961,0;672,0;15394,0
2021-01-06 14:00:00;3,0;32,0;1909,0;720,0;13597,0
2021-01-06 10:00:00;2,0;30,0;648,0;850,0;12764,0
2021-01-05 15:30:00;2,9;15,0;697,0;2064,0;11743,0
2021-01-04 15:30:00;3,1;18,0;864,0;2186,0;9648,0
2021-01-03 14:30:00;3,5;30,0;1803,0;1675,0;5313,0
2021-01-02 15:00:00;3,6;22,0;1160,0;1794,0;7679,0
2021-01-01 15:30:00;4,5;43,0;1110,0;918,0;5825,0
2021-01-01 11:00:00;3,5;40,0;1476,0;963,0;5536,0
2021-12-30 12:30:00;12,1;35,0;3885,0;6878,0;9190,0
2021-12-29 15:30:00;11,5;18,0;863,0;13260,0;8518,0
2021-12-28 14:30:00;10,0;15,0;1187,0;14987,0;7648,0
2021-12-27 11:00:00;8,4;22,0;1149,0;7946,0;7945,0
2021-12-26 11:30:00;7,9;21,0;2233,0;2968,0;4526,0
2021-12-25 12:30:00;7,7;17,0;2704,0;581,0;4843,0
2021-12-25 11:00:00;7,1;18,0;1786,0;888,0;3817,0
2021-12-21 15:30:00;4,6;66,0;2315,0;887,0;9164,0
2021-12-20 15:00:00;5,1;47,0;2581,0;2736,0;9174,0
2021-12-18 16:30:00;6,9;85,0;864,0;4661,0;3949,0
2021-12-18 12:30:00;6,3;84,0;5364,0;3543,0;4702,0
2021-12-17 15:30:00;7,3;74,0;2526,0;6409,0;6364,0
2021-12-16 16:30:00;7,4;61,0;703,0;3799,0;9895,0
2021-12-16 09:00:00;5,7;44,0;288,0;2703,0;10622,0
2021-12-15 14:00:00;6,9;40,0;3451,0;1191,0;8553,0
2021-12-15 11:30:00;6,3;36,0;3157,0;1498,0;10279,0
2021-12-14 15:00:00;7,1;54,0;2932,0;400,0;10146,0
2021-12-14 13:00:00;6,8;45,0;4218,0;367,0;10917,0
2021-12-13 13:00:00;7,3;46,0;4183,0;913,0;9006,0
2021-12-13 12:00:00;7,0;44,0;3729,0;1177,0;10035,0
2021-12-12 15:00:00;7,7;37,0;2103,0;2826,0;4824,0
2021-12-12 11:00:00;6,5;32,0;2384,0;4464,0;4976,0
2021-12-11 13:30:00;6,4;34,0;3419,0;2090,0;6960,0
2021-12-11 11:30:00;5,7;36,0;2999,0;2281,0;7440,0
2021-12-06 14:30:00;6,6;32,0;2199,0;6098,0;9095,0
2021-12-06 12:30:00;6,4;26,0;3093,0;3639,0;10900,0
2021-12-05 12:30:00;6,0;32,0;3253,0;6585,0;5622,0
2021-12-04 16:30:00;7,0;42,0;391,0;10835,0;4828,0
2021-12-04 13:00:00;7,4;13,0;2084,0;12553,0;5036,0
2021-12-04 09:00:00;6,6;20,0;174,0;8158,0;4546,0
2021-12-03 15:00:00;5,7;30,0;1615,0;11568,0;6375,0
2021-12-01 09:00:00;5,7;43,0;380,0;13113,0;6507,0
2021-11-30 14:30:00;6,2;39,0;3471,0;11291,0;5371,0
2021-11-29 15:00:00;5,4;47,0;2376,0;2773,0;8028,0
2021-11-29 11:00:00;4,2;44,0;2688,0;2296,0;11092,0
2021-11-28 14:30:00;5,3;26,0;2079,0;8465,0;3390,0
2021-11-27 14:30:00;5,7;26,0;1953,0;7781,0;3379,0
2021-11-27 09:30:00;4,9;32,0;791,0;7994,0;3808,0
2021-11-26 15:30:00;6,6;25,0;1433,0;11888,0;4774,0
2021-11-26 12:30:00;6,1;21,0;2724,0;9120,0;7297,0
2021-11-24 10:30:00;5,9;36,0;1808,0;2773,0;9797,0
2021-11-24 09:30:00;5,8;39,0;894,0;3607,0;9590,0
2021-11-23 14:30:00;7,9;68,0;3779,0;6887,0;6187,0
2021-11-22 10:00:00;6,9;41,0;1693,0;10122,0;5487,0
2021-11-21 13:00:00;7,9;9,0;2092,0;2776,0;3308,0
2021-11-21 11:00:00;7,4;11,0;1690,0;1762,0;2489,0
2021-11-20 12:00:00;8,1;37,0;4288,0;319,0;4745,0
2021-11-19 11:00:00;8,2;55,0;4270,0;662,0;7498,0
2021-11-17 11:30:00;9,0;19,0;2222,0;1547,0;7383,0
2021-11-15 13:30:00;9,2;10,0;1569,0;3108,0;9431,0
2021-11-14 10:30:00;9,7;13,0;1856,0;2526,0;2558,0
2021-11-13 15:30:00;10,4;14,0;1173,0;2747,0;3512,0
2021-11-12 10:00:00;7,2;33,0;2381,0;2584,0;6182,0
2021-11-11 09:00:00;7,0;52,0;1124,0;968,0;7796,0
2021-11-10 09:30:00;7,1;47,0;1666,0;432,0;10620,0
2021-11-09 15:30:00;10,2;64,0;3448,0;1104,0;4057,0
2021-11-09 12:30:00;9,4;72,0;6402,0;1071,0;3972,0
2021-11-08 13:00:00;10,4;54,0;5629,0;1635,0;6340,0
2021-11-08 10:00:00;8,4;58,0;3338,0;1498,0;8081,0
2021-11-08 08:30:00;8,0;58,0;611,0;1835,0;8911,0
2021-11-07 14:00:00;10,3;35,0;3477,0;5074,0;3022,0
2021-11-07 08:00:00;7,6;52,0;107,0;5683,0;2855,0
2021-11-06 14:30:00;9,9;49,0;5349,0;2884,0;3283,0
2021-11-05 16:00:00;10,5;44,0;2003,0;1514,0;6246,0
2021-11-04 15:00:00;10,5;43,0;3368,0;2847,0;4510,0
2021-11-04 11:00:00;9,7;44,0;4066,0;2695,0;6332,0
2021-11-03 17:00:00;10,7;43,0;495,0;2718,0;7649,0
2021-11-03 13:30:00;11,2;36,0;3707,0;2656,0;6516,0
2021-11-02 16:00:00;12,1;29,0;1462,0;1669,0;7916,0
2021-10-30 11:00:00;12,9;8,0;1253,0;8405,0;3956,0
2021-10-29 18:00:00;13,6;36,0;290,0;7176,0;2677,0
2021-10-29 12:30:00;13,4;24,0;3374,0;10884,0;2688,0
2021-10-29 11:30:00;12,9;25,0;2887,0;10916,0;3071,0
2021-10-28 14:00:00;14,2;85,0;6604,0;5062,0;2473,0
2021-10-28 10:00:00;10,7;86,0;2375,0;5737,0;5523,0
2021-10-27 10:30:00;11,0;60,0;3284,0;1639,0;5766,0
2021-10-25 14:30:00;13,5;46,0;4940,0;1727,0;3038,0
2021-10-24 14:00:00;13,4;87,0;7237,0;2333,0;1700,0
2021-10-24 11:00:00;10,5;92,0;5269,0;2694,0;2229,0
2021-10-23 13:30:00;13,1;78,0;7257,0;1028,0;2522,0
2021-10-22 15:30:00;13,7;60,0;4935,0;4503,0;2891,0
2021-10-22 11:00:00;12,4;74,0;3942,0;2599,0;7045,0
2021-10-21 17:30:00;14,3;49,0;1690,0;7209,0;2750,0
2021-10-21 16:30:00;14,6;41,0;3088,0;8454,0;2950,0
2021-10-20 15:00:00;16,4;19,0;3056,0;12705,0;2906,0
2021-10-19 16:00:00;17,0;78,0;4997,0;5827,0;3333,0
2021-10-19 15:00:00;16,7;78,0;6045,0;5364,0;3657,0
2021-10-19 10:30:00;13,6;60,0;3224,0;6351,0;4853,0
2021-10-17 18:30:00;13,7;68,0;549,0;850,0;3174,0
2021-10-16 17:00:00;14,6;83,0;3914,0;341,0;2070,0
2021-10-15 19:00:00;13,3;75,0;115,0;945,0;7188,0
2021-10-15 09:00:00;10,1;57,0;755,0;1233,0;6625,0
2021-10-14 17:30:00;14,2;97,0;3241,0;750,0;2711,0
2021-10-14 12:30:00;12,5;92,0;7505,0;1077,0;2649,0
2021-10-14 08:30:00;10,2;92,0;172,0;2131,0;6916,0
2021-10-12 17:30:00;14,3;56,0;2759,0;3614,0;2902,0
2021-10-11 13:30:00;14,3;72,0;7313,0;2114,0;2433,0
2021-10-10 10:30:00;12,4;50,0;3691,0;806,0;2537,0
2021-10-09 16:30:00;15,7;68,0;4316,0;1763,0;2634,0
2021-10-08 11:00:00;13,3;84,0;5602,0;2002,0;5717,0
2021-10-07 19:00:00;14,9;78,0;292,0;1910,0;11517,0
2021-10-07 14:30:00;15,5;56,0;6891,0;1619,0;5749,0
2021-10-06 14:00:00;15,3;36,0;6225,0;8860,0;5735,0
2021-10-05 19:00:00;14,6;54,0;208,0;9353,0;8459,0
2021-10-05 15:30:00;15,5;23,0;3372,0;10655,0;5827,0
2021-10-05 12:30:00;14,8;25,0;3810,0;9362,0;6316,0
2021-10-04 16:00:00;16,1;24,0;3665,0;5479,0;5114,0
2021-10-03 14:00:00;16,2;15,0;2541,0;7982,0;2990,0
2021-10-03 11:00:00;16,0;20,0;1339,0;8004,0;4989,0
2021-10-02 16:30:00;17,4;20,0;2988,0;12948,0;2303,0
2021-10-02 11:00:00;15,3;34,0;3976,0;7686,0;2921,0
2021-10-01 16:30:00;16,9;21,0;3111,0;5848,0;2812,0
2021-10-01 10:00:00;13,9;51,0;3350,0;5708,0;4616,0
2021-09-30 13:30:00;16,3;71,0;7750,0;3702,0;3694,0
2021-09-29 12:30:00;16,7;56,0;5684,0;7713,0;3618,0
2021-09-28 15:30:00;17,8;33,0;4762,0;2139,0;3782,0
2021-09-28 13:30:00;17,4;40,0;6279,0;1738,0;3953,0
2021-09-27 17:30:00;18,6;44,0;2645,0;6629,0;4112,0
2021-09-27 09:00:00;17,0;24,0;756,0;6668,0;6045,0
2021-09-26 17:30:00;19,2;45,0;2710,0;2678,0;3884,0
2021-09-26 12:30:00;18,2;28,0;4546,0;2946,0;3184,0
2021-09-26 11:30:00;17,8;27,0;3689,0;2871,0;3129,0
2021-09-24 09:00:00;15,5;84,0;1517,0;662,0;6537,0
2021-09-23 18:30:00;18,9;90,0;1775,0;1214,0;4549,0
2021-09-22 14:30:00;18,5;92,0;8130,0;775,0;4592,0
2021-09-22 11:00:00;16,2;85,0;5704,0;588,0;5778,0
2021-09-21 17:00:00;18,6;53,0;4171,0;1686,0;4815,0
2021-09-21 10:30:00;16,2;54,0;3394,0;2064,0;5974,0
2021-09-20 17:30:00;18,4;40,0;2956,0;2688,0;4881,0
2021-09-20 12:00:00;17,3;25,0;4442,0;1498,0;5854,0
2021-09-19 16:00:00;19,0;28,0;4306,0;2454,0;3537,0
2021-09-18 16:00:00;20,3;37,0;3967,0;1271,0;3470,0
2021-09-17 17:00:00;21,0;48,0;4769,0;605,0;4986,0
2021-09-16 16:30:00;20,6;23,0;3852,0;519,0;5158,0
2021-09-15 11:30:00;20,3;15,0;3192,0;1669,0;5572,0
2021-09-14 16:30:00;22,4;14,0;3322,0;2168,0;5336,0
2021-09-14 15:00:00;22,1;13,0;4222,0;2316,0;4506,0
2021-09-13 17:00:00;23,0;32,0;3985,0;1057,0;5931,0
2021-09-13 16:00:00;22,8;42,0;5417,0;997,0;5057,0
2021-09-13 13:30:00;22,0;61,0;7230,0;1150,0;4321,0
2021-09-13 10:30:00;19,4;63,0;4898,0;604,0;4783,0
2021-09-11 20:00:00;20,6;78,0;107,0;725,0;7168,0
2021-09-11 15:00:00;21,5;52,0;7043,0;1211,0;3411,0
2021-09-10 12:00:00;21,0;14,0;4136,0;1576,0;5055,0
2021-09-10 08:00:00;20,7;29,0;104,0;1457,0;7728,0
2021-09-09 13:30:00;22,3;16,0;4065,0;2869,0;3656,0
2021-09-08 19:00:00;23,3;55,0;1058,0;2217,0;8123,0
2021-09-08 15:30:00;24,1;55,0;5755,0;3168,0;3473,0
2021-09-08 13:30:00;23,6;57,0;6180,0;3139,0;3586,0
2021-09-08 09:30:00;21,6;66,0;2350,0;3420,0;5547,0
2021-09-07 19:30:00;23,8;60,0;553,0;3680,0;6931,0
2021-09-07 09:30:00;21,1;76,0;2834,0;2510,0;5729,0
2021-09-06 20:00:00;23,2;84,0;188,0;1663,0;7484,0
2021-09-06 14:00:00;24,0;92,0;8265,0;906,0;3687,0
2021-09-05 19:00:00;22,8;83,0;1625,0;345,0;5802,0
2021-09-05 14:00:00;23,0;79,0;8074,0;153,0;2793,0
2021-09-04 11:00:00;19,9;51,0;5002,0;172,0;4261,0
2021-09-03 18:30:00;21,4;50,0;1754,0;756,0;6876,0
2021-09-03 11:00:00;19,3;37,0;3794,0;524,0;4753,0
2021-09-02 18:30:00;21,2;60,0;1941,0;4065,0;6777,0
2021-09-02 11:30:00;19,1;67,0;4956,0;3908,0;5367,0
2021-09-01 20:00:00;19,7;77,0;239,0;5825,0;8052,0
2021-09-01 09:30:00;17,5;76,0;3235,0;3829,0;7292,0
2021-08-31 17:00:00;20,8;57,0;5579,0;4700,0;3901,0
2021-08-31 10:00:00;17,7;56,0;3788,0;3183,0;6373,0
2021-08-30 19:30:00;19,4;74,0;904,0;4872,0;7538,0
2021-08-30 14:30:00;19,4;39,0;6676,0;3709,0;5524,0
2021-08-29 18:00:00;19,6;53,0;3650,0;4227,0;3135,0
2021-08-29 11:30:00;18,1;58,0;6057,0;2665,0;3951,0
2021-08-28 16:00:00;20,2;55,0;6763,0;4872,0;3569,0
2021-08-27 17:30:00;20,6;56,0;4829,0;3839,0;4979,0
2021-08-27 08:00:00;18,0;85,0;508,0;2706,0;5865,0
2021-08-25 07:30:00;18,4;84,0;137,0;4306,0;5795,0
2021-08-24 18:00:00;21,2;61,0;3574,0;8723,0;4458,0
2021-08-24 10:00:00;19,0;56,0;3598,0;3849,0;5911,0
2021-08-23 18:00:00;21,1;58,0;3570,0;4772,0;5567,0
2021-08-23 12:30:00;20,2;56,0;6784,0;3450,0;5682,0
2021-08-23 08:00:00;19,0;66,0;512,0;2544,0;5819,0
2021-08-21 16:30:00;22,6;49,0;5434,0;2227,0;3890,0
2021-08-21 10:30:00;19,8;51,0;4662,0;755,0;4058,0
2021-08-20 09:00:00;18,4;67,0;2188,0;631,0;6635,0
2021-08-18 13:30:00;19,9;23,0;5129,0;2282,0;6913,0
2021-08-17 19:00:00;20,2;32,0;1662,0;5063,0;7063,0
2021-08-16 17:30:00;21,4;33,0;3821,0;7113,0;5182,0
2021-08-16 14:30:00;21,6;29,0;5974,0;6605,0;5064,0
2021-08-16 10:00:00;21,4;36,0;3150,0;5792,0;6695,0
2021-08-15 15:30:00;24,6;46,0;5739,0;3595,0;4382,0
2021-08-14 20:00:00;24,9;93,0;692,0;698,0;7867,0
2021-08-14 11:00:00;22,7;97,0;6219,0;659,0;5565,0
2021-08-13 14:30:00;23,8;72,0;7516,0;1291,0;5864,0
2021-08-12 18:00:00;24,1;63,0;3408,0;886,0;8435,0
2021-08-12 10:30:00;21,0;69,0;4828,0;398,0;6347,0
2021-08-11 09:30:00;19,3;90,0;3637,0;437,0;6796,0
2021-08-11 08:30:00;19,0;89,0;1559,0;614,0;7536,0
2021-08-10 17:00:00;22,3;55,0;5697,0;1212,0;6519,0
2021-08-10 14:00:00;21,3;61,0;7798,0;1295,0;6516,0
2021-08-09 12:30:00;19,2;43,0;6407,0;4297,0;6180,0
2021-08-09 09:30:00;17,5;43,0;3007,0;2701,0;6638,0
2021-08-08 20:30:00;19,1;50,0;314,0;3286,0;7603,0
2021-08-08 14:30:00;19,7;38,0;6211,0;6072,0;4937,0
2021-08-07 19:00:00;19,0;33,0;1988,0;9507,0;5794,0
2021-08-07 10:30:00;18,2;18,0;2823,0;4877,0;6450,0
2021-08-06 10:30:00;18,5;27,0;3714,0;7882,0;5890,0
2021-08-05 19:00:00;19,9;29,0;1952,0;6499,0;8731,0
2021-08-05 17:00:00;20,5;35,0;4619,0;6189,0;6384,0
2021-08-04 20:00:00;18,8;33,0;703,0;1917,0;9171,0
2021-08-04 14:30:00;18,6;9,0;4174,0;1125,0;7044,0
2021-08-04 10:30:00;17,7;12,0;2229,0;982,0;7737,0
2021-08-03 16:30:00;19,4;11,0;3465,0;1920,0;6339,0
2021-08-03 11:30:00;18,5;18,0;4376,0;1176,0;6719,0
2021-08-02 18:00:00;20,5;41,0;4011,0;1756,0;6331,0
2021-08-02 11:30:00;19,1;40,0;5904,0;838,0;5726,0
2021-08-01 11:00:00;18,9;35,0;4992,0;2176,0;6259,0
2021-07-31 14:00:00;20,4;20,0;4566,0;3226,0;5447,0
2021-07-30 16:00:00;21,6;28,0;4920,0;10629,0;5382,0
2021-07-29 15:30:00;22,1;55,0;6737,0;3382,0;6108,0
2021-07-29 08:30:00;19,0;72,0;1643,0;2629,0;6688,0
2021-07-28 12:00:00;20,6;27,0;5047,0;5224,0;6384,0
2021-07-27 21:00:00;20,6;47,0;135,0;3111,0;8762,0
2021-07-27 12:30:00;21,1;30,0;5047,0;2127,0;7628,0
2021-07-27 10:00:00;20,4;33,0;3359,0;857,0;7827,0
2021-07-26 21:00:00;21,7;45,0;159,0;1969,0;8947,0
2021-07-26 12:00:00;21,6;36,0;5529,0;1901,0;7223,0
2021-07-24 20:00:00;22,3;25,0;957,0;3064,0;7714,0
2021-07-24 16:30:00;22,8;25,0;4922,0;3565,0;6468,0
2021-07-22 20:00:00;25,0;94,0;1105,0;2071,0;10431,0
2021-07-22 11:30:00;23,9;95,0;6897,0;1347,0;6864,0
2021-07-21 17:00:00;25,3;91,0;6115,0;1495,0;7419,0
2021-07-21 12:30:00;23,9;88,0;7243,0;1341,0;6639,0
2021-07-20 17:30:00;25,0;86,0;5426,0;1786,0;6603,0
2021-07-20 13:30:00;24,2;99,0;8271,0;1809,0;6607,0
2021-07-20 10:30:00;22,6;100,0;5749,0;1345,0;7014,0
2021-07-19 18:30:00;24,6;90,0;3962,0;4139,0;8347,0
2021-07-19 13:00:00;23,6;94,0;8266,0;3082,0;7207,0
2021-07-19 10:00:00;21,6;92,0;4930,0;1756,0;8001,0
2021-07-19 08:30:00;21,2;91,0;1905,0;2324,0;8764,0
2021-07-18 19:00:00;23,7;97,0;3146,0;6822,0;8196,0
2021-07-18 18:00:00;24,0;97,0;5065,0;6705,0;7008,0
2021-07-17 20:30:00;21,1;84,0;608,0;3793,0;8623,0
2021-07-17 12:30:00;19,8;66,0;6817,0;2508,0;7622,0
2021-07-17 07:30:00;18,1;68,0;431,0;2642,0;7175,0
2021-07-16 19:30:00;20,0;66,0;1820,0;4204,0;8772,0
2021-07-16 08:30:00;18,0;36,0;1425,0;3237,0;8988,0
2021-07-15 17:00:00;20,4;30,0;4425,0;6713,0;8063,0
2021-07-14 10:30:00;17,6;14,0;2665,0;5608,0;7498,0
2021-07-13 12:30:00;18,2;20,0;4279,0;3604,0;9066,0
2021-07-12 20:00:00;18,8;12,0;734,0;3115,0;9826,0
2021-07-12 14:30:00;19,9;13,0;4083,0;1973,0;7773,0
2021-07-12 09:00:00;18,7;17,0;1182,0;1727,0;8345,0
2021-07-11 14:00:00;20,3;51,0;7789,0;285,0;6134,0
2021-07-11 09:30:00;18,1;52,0;3760,0;246,0;6017,0
2021-07-10 14:00:00;19,9;31,0;5836,0;1266,0;6225,0
2021-07-09 18:30:00;20,5;54,0;3801,0;570,0;7786,0
2021-07-09 14:00:00;20,0;39,0;6627,0;757,0;7380,0
2021-07-08 15:30:00;19,9;30,0;5467,0;1973,0;7009,0
2021-07-07 16:30:00;20,4;27,0;4480,0;1776,0;7363,0
2021-07-07 12:30:00;19,5;37,0;5976,0;1607,0;7324,0
2021-07-06 09:30:00;19,1;20,0;1935,0;9795,0;6919,0
2021-07-05 19:30:00;21,1;52,0;1913,0;3748,0;9677,0
2021-07-04 07:30:00;19,4;8,0;228,0;1075,0;7132,0
2021-07-03 14:30:00;20,7;15,0;4502,0;1565,0;7312,0
2021-07-02 17:00:00;22,3;36,0;5152,0;363,0;7633,0
2021-07-01 17:30:00;20,9;48,0;4666,0;1292,0;8337,0
2021-07-01 12:30:00;19,2;49,0;6759,0;863,0;9527,0
2021-06-30 20:00:00;18,8;52,0;1090,0;1727,0;10344,0
2021-06-30 11:30:00;17,9;29,0;4664,0;2250,0;9226,0
2021-06-29 21:00:00;18,2;47,0;248,0;2008,0;8715,0
2021-06-29 18:00:00;19,3;31,0;3358,0;2450,0;8981,0
2021-06-29 15:00:00;19,2;30,0;5440,0;1759,0;8447,0
2021-06-29 09:30:00;17,8;33,0;2787,0;1047,0;9540,0
2021-06-28 20:00:00;19,2;31,0;835,0;2001,0;9926,0
2021-06-28 11:00:00;19,0;34,0;4243,0;865,0;8427,0
2021-06-27 20:30:00;19,6;38,0;407,0;1200,0;8423,0
2021-06-27 19:00:00;20,3;32,0;1649,0;1423,0;7911,0
2021-06-26 16:30:00;20,9;44,0;5760,0;777,0;7245,0
2021-06-26 14:00:00;20,0;45,0;7016,0;502,0;7229,0
2021-06-26 10:00:00;17,7;51,0;4429,0;160,0;7779,0
2021-06-26 07:30:00;17,0;48,0;687,0;196,0;7292,0
2021-06-25 19:30:00;19,6;48,0;1902,0;1012,0;9854,0
2021-06-25 12:00:00;18,7;41,0;6346,0;1660,0;8555,0
2021-06-24 18:30:00;19,7;43,0;3008,0;1820,0;9160,0
2021-06-24 10:30:00;17,6;44,0;3856,0;1311,0;9691,0
2021-06-23 15:00:00;19,4;19,0;4410,0;1635,0;8434,0
2021-06-23 11:30:00;18,5;20,0;4159,0;1466,0;9632,0
2021-06-22 17:30:00;19,8;29,0;3530,0;3803,0;8367,0
2021-06-22 09:30:00;19,1;29,0;2744,0;3974,0;8837,0
2021-06-21 18:00:00;21,6;32,0;3430,0;2111,0;9328,0
2021-06-21 13:30:00;21,9;41,0;6117,0;803,0;9156,0
2021-06-20 16:30:00;22,0;18,0;4294,0;1188,0;6546,0
2021-06-19 16:00:00;23,3;25,0;4710,0;1559,0;6932,0
2021-06-18 12:30:00;23,1;42,0;6130,0;3684,0;9117,0
2021-06-17 13:30:00;23,7;17,0;4228,0;2432,0;8691,0
2021-06-17 09:00:00;22,8;21,0;2092,0;2253,0;9138,0
2021-06-16 14:00:00;25,4;66,0;7140,0;804,0;7710,0
2021-06-15 16:00:00;24,9;87,0;6945,0;243,0;7597,0
2021-06-15 08:00:00;21,7;85,0;1394,0;956,0;9918,0
2021-06-14 13:00:00;23,7;98,0;8022,0;550,0;8398,0
2021-06-13 18:30:00;23,9;99,0;4069,0;1549,0;8137,0
2021-06-13 12:00:00;22,1;99,0;7096,0;1078,0;6676,0
2021-06-13 09:30:00;20,7;99,0;4446,0;930,0;6931,0
2021-06-12 19:00:00;22,5;83,0;2924,0;1791,0;8084,0
2021-06-12 14:00:00;22,1;66,0;6762,0;996,0;7339,0
2021-06-11 19:30:00;22,4;73,0;1876,0;1619,0;10288,0
2021-06-11 16:00:00;22,7;62,0;6336,0;1008,0;8988,0
2021-06-10 09:00:00;19,2;68,0;3076,0;580,0;9473,0
2021-06-09 15:30:00;21,6;72,0;6788,0;915,0;8697,0
2021-06-08 17:30:00;21,2;59,0;4912,0;834,0;9230,0
2021-06-08 11:00:00;19,0;81,0;6291,0;623,0;8528,0
2021-06-07 21:00:00;19,1;58,0;234,0;1234,0;10384,0
2021-06-06 14:00:00;19,1;29,0;5916,0;1469,0;8501,0
2021-06-05 17:00:00;18,9;52,0;5202,0;1714,0;8544,0
2021-06-04 12:00:00;19,0;28,0;3952,0;1422,0;9007,0
2021-06-04 09:00:00;18,6;30,0;1936,0;1039,0;10556,0
2021-06-03 13:30:00;20,3;36,0;5865,0;867,0;8531,0
2021-06-02 14:00:00;19,8;15,0;5115,0;2588,0;7394,0
2021-06-01 21:00:00;19,9;46,0;126,0;3250,0;10243,0
2021-06-01 13:30:00;20,5;69,0;6713,0;3063,0;8001,0
2021-05-31 18:00:00;20,0;90,0;4535,0;2484,0;9090,0
2021-05-31 13:30:00;19,2;92,0;7814,0;3451,0;6939,0
2021-05-30 17:00:00;18,9;66,0;4804,0;2518,0;5971,0
2021-05-30 13:30:00;18,4;74,0;6977,0;2976,0;6100,0
2021-05-29 18:30:00;18,2;50,0;2920,0;3111,0;7455,0
2021-05-29 08:00:00;15,3;29,0;1136,0;2148,0;8181,0
2021-05-28 07:30:00;13,8;58,0;715,0;2419,0;10078,0
2021-05-27 17:00:00;16,6;61,0;5835,0;713,0;8145,0
2021-05-27 15:00:00;15,9;60,0;7129,0;568,0;8792,0
2021-05-25 19:00:00;14,0;40,0;2262,0;9445,0;11037,0
2021-05-25 14:00:00;14,0;35,0;6210,0;10439,0;8422,0
2021-05-25 08:30:00;11,8;60,0;2025,0;8428,0;11513,0
2021-05-24 12:00:00;13,0;25,0;4234,0;8812,0;8486,0
2021-05-23 11:30:00;13,2;31,0;5408,0;6109,0;7971,0
2021-05-22 14:30:00;14,0;28,0;5312,0;9635,0;8188,0
2021-05-20 11:00:00;12,9;44,0;6043,0;2750,0;9448,0
2021-05-19 21:00:00;12,9;64,0;142,0;4691,0;11187,0
2021-05-19 18:30:00;13,7;55,0;3239,0;6879,0;9056,0
2021-05-19 17:00:00;13,8;49,0;5218,0;6850,0;8457,0
2021-05-19 08:30:00;12,0;42,0;1724,0;2974,0;10861,0
2021-05-18 15:00:00;13,9;24,0;4381,0;3227,0;8181,0
2021-05-18 10:30:00;12,7;23,0;3696,0;2287,0;9918,0
2021-05-17 19:30:00;13,7;50,0;1504,0;9893,0;10807,0
2021-05-17 13:30:00;13,7;29,0;6141,0;11435,0;9403,0
2021-05-16 17:30:00;14,1;17,0;2813,0;8210,0;8435,0
2021-05-16 13:00:00;13,8;14,0;3994,0;7170,0;8315,0
2021-05-16 10:00:00;12,6;11,0;1888,0;4360,0;8325,0
2021-05-15 20:00:00;13,3;21,0;529,0;6607,0;10528,0
2021-05-14 17:00:00;13,8;33,0;4730,0;5920,0;8299,0
2021-05-14 07:00:00;11,9;34,0;132,0;3092,0;9344,0
2021-05-13 11:30:00;13,0;34,0;5152,0;3770,0;7504,0
2021-05-12 20:30:00;13,6;30,0;285,0;3543,0;11395,0
2021-05-12 11:30:00;13,5;35,0;5635,0;1499,0;7799,0
2021-05-12 10:00:00;12,9;40,0;3656,0;882,0;8656,0
2021-05-11 09:30:00;13,8;22,0;1863,0;1449,0;9451,0
2021-05-10 16:30:00;15,1;20,0;3678,0;5004,0;8000,0
2021-05-10 13:30:00;15,1;26,0;4318,0;6737,0;8610,0
2021-05-09 10:30:00;15,4;33,0;3583,0;7210,0;6202,0
2021-05-08 15:00:00;15,9;64,0;7361,0;8745,0;6356,0
2021-05-08 07:00:00;11,5;51,0;117,0;5347,0;8170,0
2021-05-07 20:00:00;13,0;42,0;674,0;947,0;8767,0
2021-05-07 13:00:00;12,5;44,0;6014,0;2203,0;7828,0
2021-05-06 16:30:00;12,2;15,0;3099,0;6748,0;6205,0
2021-05-06 11:00:00;11,0;18,0;3012,0;4503,0;7428,0
2021-05-05 11:00:00;11,2;43,0;5175,0;7447,0;6665,0
2021-05-04 17:00:00;12,9;24,0;3719,0;10612,0;4939,0
2021-05-03 20:30:00;12,4;64,0;233,0;6775,0;10520,0
2021-05-03 14:00:00;12,8;71,0;7779,0;4154,0;6099,0
2021-05-02 20:30:00;11,1;74,0;239,0;1041,0;7355,0
2021-05-02 17:30:00;11,9;45,0;4022,0;1576,0;5990,0
2021-05-02 11:30:00;10,7;57,0;6045,0;927,0;5964,0
2021-05-01 15:30:00;11,4;18,0;3456,0;2236,0;5005,0
2021-04-30 14:30:00;12,3;22,0;4037,0;625,0;6815,0
2021-04-29 20:00:00;12,3;40,0;362,0;1349,0;7517,0
2021-04-29 13:00:00;12,4;17,0;4030,0;2057,0;6832,0
2021-04-29 09:00:00;11,6;32,0;1217,0;2202,0;7915,0
2021-04-28 18:30:00;13,3;27,0;1793,0;3369,0;4344,0
2021-04-28 09:00:00;12,3;34,0;1119,0;874,0;7247,0
2021-04-27 18:30:00;14,8;57,0;1965,0;582,0;5098,0
2021-04-27 10:00:00;12,4;62,0;3146,0;782,0;5555,0
2021-04-26 13:30:00;13,9;37,0;4576,0;7241,0;4109,0
2021-04-25 16:00:00;15,0;29,0;3990,0;6728,0;3116,0
2021-04-24 19:00:00;15,7;70,0;1940,0;5308,0;3470,0
2021-04-24 07:30:00;12,3;86,0;263,0;6790,0;3515,0
2021-04-22 19:30:00;13,4;89,0;1176,0;4866,0;4696,0
2021-04-22 14:30:00;13,5;79,0;7643,0;3958,0;3796,0
2021-04-22 12:00:00;12,0;91,0;7323,0;3561,0;4623,0
2021-04-22 09:30:00;10,6;94,0;3640,0;4366,0;6320,0
2021-04-20 10:00:00;9,5;58,0;3756,0;340,0;7035,0
2021-04-19 16:30:00;12,1;58,0;5779,0;684,0;3554,0
2021-04-19 11:00:00;9,3;88,0;6017,0;499,0;6523,0
2021-04-18 12:30:00;9,3;70,0;6774,0;1933,0;3313,0
2021-04-17 11:30:00;7,9;66,0;5675,0;4625,0;3689,0
2021-04-16 11:00:00;7,5;90,0;6044,0;2803,0;6784,0
2021-04-15 20:00:00;8,5;75,0;414,0;4711,0;7793,0
2021-04-15 13:00:00;8,5;70,0;7576,0;4470,0;5492,0
2021-04-14 09:00:00;6,6;90,0;2337,0;2384,0;9035,0
2021-04-12 19:00:00;9,0;67,0;1901,0;2375,0;7463,0
2021-04-11 13:30:00;9,2;9,0;3008,0;5760,0;4835,0
2021-04-08 19:00:00;10,4;73,0;1747,0;955,0;7309,0
2021-04-07 15:30:00;8,7;82,0;7371,0;6375,0;4783,0
2021-04-07 08:00:00;5,5;87,0;290,0;4116,0;8431,0
2021-04-06 11:00:00;8,2;61,0;5371,0;4178,0;9169,0
2021-04-05 18:30:00;10,7;37,0;2185,0;8247,0;4770,0
2021-04-05 15:30:00;11,4;46,0;6201,0;8580,0;2980,0
2021-04-05 11:30:00;10,3;48,0;5730,0;7123,0;3764,0
2021-04-04 16:30:00;12,8;94,0;6370,0;1807,0;3441,0
2021-04-04 08:00:00;9,7;92,0;260,0;4045,0;6549,0
2021-04-03 19:30:00;11,9;83,0;808,0;8923,0;5907,0
2021-04-03 13:00:00;11,9;68,0;7325,0;10385,0;4584,0
2021-04-02 13:00:00;14,2;88,0;7133,0;6524,0;5219,0
2021-04-02 08:00:00;13,9;87,0;231,0;6597,0;7107,0
2021-04-01 14:30:00;17,2;91,0;7222,0;1908,0;5730,0
2021-04-01 08:30:00;13,7;89,0;771,0;1594,0;10407,0
2021-03-31 20:00:00;16,0;66,0;124,0;910,0;11770,0
2021-03-30 19:00:00;15,8;98,0;1163,0;875,0;8715,0
2021-03-29 19:00:00;14,4;99,0;1213,0;971,0;6832,0
2021-03-29 14:00:00;14,1;100,0;7065,0;1475,0;4457,0
2021-03-28 18:00:00;12,5;88,0;3225,0;2527,0;4066,0
2021-03-28 15:00:00;12,0;87,0;6349,0;3122,0;3785,0
2021-03-28 10:30:00;9,0;87,0;4136,0;3020,0;4473,0
2021-03-27 18:30:00;10,0;77,0;495,0;2618,0;9974,0
2021-03-27 14:00:00;10,3;47,0;5934,0;7873,0;4252,0
2021-03-27 09:30:00;8,8;80,0;3748,0;7491,0;4825,0
2021-03-26 15:00:00;11,1;20,0;4099,0;8786,0;4269,0
2021-03-26 10:00:00;9,2;36,0;3692,0;4028,0;8353,0
2021-03-24 11:00:00;9,0;93,0;6107,0;510,0;6029,0
2021-03-23 13:30:00;9,2;92,0;6933,0;455,0;7079,0
2021-03-22 15:00:00;8,3;61,0;5526,0;2798,0;6441,0
2021-03-21 18:00:00;7,8;39,0;589,0;7124,0;5442,0
2021-03-21 12:30:00;7,4;36,0;5795,0;5357,0;4358,0
2021-03-20 17:30:00;7,7;87,0;2125,0;4919,0;5434,0
2021-03-20 11:30:00;6,6;78,0;6314,0;4206,0;5347,0
2021-03-19 11:00:00;6,8;32,0;3531,0;10094,0;7344,0
2021-03-19 08:30:00;6,4;28,0;760,0;6810,0;11610,0
2021-03-18 15:00:00;7,9;19,0;3297,0;4031,0;8488,0
2021-03-18 09:30:00;7,1;43,0;2961,0;2507,0;13267,0
2021-03-17 14:00:00;9,0;30,0;5213,0;7893,0;7417,0
2021-03-17 12:00:00;8,8;37,0;5077,0;8042,0;8537,0
2021-03-17 11:00:00;8,5;39,0;4491,0;7677,0;9071,0
2021-03-16 16:30:00;9,5;32,0;2570,0;4270,0;7878,0
2021-03-16 10:00:00;8,0;33,0;3545,0;2030,0;9790,0
2021-03-15 14:00:00;9,3;19,0;3867,0;9148,0;6879,0
2021-03-14 15:30:00;9,2;39,0;4465,0;10716,0;3724,0
2021-03-13 15:00:00;9,3;31,0;3935,0;14591,0;4549,0
2021-03-12 17:30:00;9,3;42,0;1508,0;13669,0;6050,0
2021-03-10 14:30:00;8,8;45,0;5557,0;9613,0;6569,0
2021-03-09 14:30:00;8,4;77,0;5633,0;2141,0;8275,0
2021-03-08 09:00:00;5,7;68,0;1677,0;2640,0;13702,0
2021-03-07 17:30:00;8,4;50,0;816,0;1534,0;6555,0
2021-03-07 14:00:00;8,6;48,0;4013,0;1045,0;4802,0
2021-03-07 08:30:00;5,9;49,0;744,0;1647,0;6558,0
2021-03-06 16:30:00;9,0;66,0;2598,0;4732,0;6233,0
2021-03-06 14:30:00;8,8;66,0;4653,0;4782,0;4929,0
2021-03-05 18:30:00;8,3;39,0;143,0;6127,0;11022,0
2021-03-04 09:30:00;9,1;34,0;1977,0;855,0;13374,0
2021-03-03 16:00:00;12,1;20,0;2744,0;602,0;8686,0
2021-03-02 15:30:00;12,4;46,0;3314,0;1747,0;7891,0
2021-03-02 11:30:00;10,0;57,0;4272,0;1874,0;8520,0
2021-03-02 09:30:00;8,3;57,0;2069,0;3230,0;12995,0
2021-03-01 15:00:00;11,7;94,0;5176,0;2323,0;7094,0
2021-03-01 09:30:00;7,8;95,0;2887,0;3626,0;13741,0
2021-02-28 10:30:00;8,2;85,0;4249,0;5449,0;6691,0
2021-02-27 18:30:00;9,7;86,0;104,0;8052,0;9094,0
2021-02-26 14:30:00;11,4;55,0;3975,0;3559,0;7102,0
2021-02-26 09:30:00;10,1;68,0;1784,0;2346,0;12170,0
2021-02-25 12:00:00;12,3;54,0;4821,0;1813,0;7914,0
2021-02-24 14:30:00;14,1;95,0;5635,0;6090,0;6243,0
2021-02-23 17:00:00;13,0;89,0;1915,0;8233,0;7531,0
2021-02-23 12:00:00;12,2;68,0;4863,0;8295,0;6789,0
2021-02-22 11:30:00;11,1;7,0;1538,0;4723,0;9031,0
2021-02-21 16:30:00;12,1;34,0;1610,0;5568,0;6304,0
2021-02-21 10:00:00;10,2;46,0;2486,0;7596,0;6899,0
2021-02-21 08:30:00;10,1;47,0;524,0;8693,0;6213,0
2021-02-20 14:00:00;11,6;41,0;4461,0;11857,0;5822,0
2021-02-19 17:00:00;10,2;44,0;1425,0;5402,0;10458,0
2021-02-18 10:00:00;7,7;6,0;1103,0;10806,0;11502,0
2021-02-17 12:30:00;8,3;61,0;5490,0;8174,0;9697,0
2021-02-16 10:30:00;5,4;22,0;2085,0;8224,0;13078,0
2021-02-15 13:30:00;5,4;32,0;4282,0;7881,0;14197,0
2021-02-14 18:00:00;3,4;31,0;159,0;9570,0;10653,0
2021-02-14 15:00:00;3,6;30,0;3287,0;7970,0;9509,0
2021-02-12 14:30:00;2,9;25,0;1536,0;8594,0;12874,0
2021-02-11 16:30:00;3,8;33,0;1531,0;7315,0;14282,0
2021-02-11 12:00:00;2,8;44,0;3791,0;6037,0;15277,0
2021-02-11 08:30:00;1,5;51,0;223,0;5751,0;17034,0
2021-02-10 16:30:00;4,3;51,0;1589,0;5813,0;12405,0
2021-02-10 12:30:00;3,9;38,0;3228,0;6268,0;14548,0
2021-02-08 14:30:00;5,9;10,0;1717,0;1137,0;12691,0
2021-02-07 17:00:00;6,9;27,0;683,0;3821,0;9588,0
2021-02-07 14:00:00;7,3;19,0;2688,0;4749,0;9618,0
2021-02-07 10:30:00;7,3;26,0;1405,0;4337,0;10173,0
2021-02-06 13:30:00;9,6;6,0;1251,0;2841,0;11590,0
2021-02-05 09:30:00;9,1;16,0;457,0;1749,0;12468,0
2021-02-02 14:00:00;11,1;22,0;2573,0;10172,0;9294,0
2021-02-01 12:30:00;9,2;9,0;1694,0;5904,0;12643,0
2021-02-01 10:00:00;8,9;8,0;632,0;5230,0;11684,0
2021-01-31 15:30:00;8,8;19,0;1588,0;4202,0;9237,0
2021-01-31 09:30:00;8,0;36,0;703,0;2339,0;9083,0
2021-01-30 14:30:00;8,9;6,0;1336,0;7289,0;10945,0
2021-01-30 12:00:00;8,8;7,0;1421,0;8113,0;10657,0
2021-01-29 17:00:00;9,2;28,0;433,0;13291,0;9877,0
2021-01-29 10:30:00;8,8;33,0;1597,0;13691,0;11184,0
2021-01-28 16:30:00;9,3;15,0;739,0;12441,0;9995,0
2021-01-27 13:00:00;6,1;17,0;2142,0;3950,0;13792,0
2021-01-26 12:30:00;4,4;31,0;3800,0;2922,0;15460,0
2021-01-26 09:00:00;3,2;49,0;424,0;4253,0;16049,0
2021-01-24 15:00:00;5,5;37,0;2583,0;8033,0;7416,0
2021-01-23 15:00:00;6,4;17,0;1305,0;5898,0;9036,0
2021-01-22 10:00:00;6,8;20,0;450,0;3202,0;11960,0
2021-01-21 09:30:00;7,0;16,0;431,0;10391,0;10371,0
2021-01-20 12:00:00;7,0;11,0;1925,0;12461,0;9774,0
2021-01-19 15:00:00;6,2;56,0;3516,0;8624,0;9353,0
2021-01-17 09:00:00;4,2;46,0;146,0;5532,0;6452,0
2021-01-16 10:30:00;2,8;30,0;1711,0;4317,0;9991,0
2021-01-15 11:30:00;4,7;32,0;2341,0;5348,0;17072,0
2021-01-14 15:00:00;6,5;25,0;1641,0;10091,0;11013,0
2021-01-14 12:30:00;6,2;22,0;2302,0;8532,0;14264,0
2021-01-14 11:00:00;5,8;30,0;1761,0;7558,0;13190,0
2021-01-13 17:00:00;6,0;38,0;223,0;9117,0;11471,0
2021-01-13 15:00:00;6,0;20,0;1613,0;7385,0;11973,0
2021-01-13 11:30:00;5,1;26,0;1817,0;4971,0;13880,0
2021-01-12 14:00:00;4,2;14,0;1782,0;10000,0;11562,0
2021-01-11 10:00:00;0,6;50,0;1307,0;2744,0;15310,0
2021-01-10 16:00:00;2,5;60,0;1467,0;3394,0;4316,0
2021-01-10 12:00:00;1,4;59,0;3042,0;2878,0;6570,0
2021-01-09 15:30:00;2,4;46,0;1391,0;5786,0;7228,0
2021-01-09 10:30:00;0,8;41,0;1128,0;3708,0;9714,0
2021-01-08 13:30:00;2,6;54,0;3605,0;671,0;13761,0
2021-01-07 12:30:00;2,5;41,0;3051,0;561,0;13524,0
2021-01-06 16:00:00;3,3;37,0;757,0;770,0;11350,0
2021-01-05 13:00:00;2,7;18,0;1376,0;1487,0;14973,0
2021-01-03 15:30:00;3,6;31,0;1141,0;1757,0;5031,0
2021-01-02 16:00:00;3,8;19,0;603,0;1836,0;7634,0
2021-01-01 16:30:00;4,4;47,0;393,0;955,0;5741,0
2021-01-01 12:00:00;3,9;41,0;1999,0;771,0;5505,0
